FitCoach — transactions;;;;;
;;;;;
transaction_id;customer_id;date;product_type;price;is_renewal
TXN00001;CLI0001;2023-06-13;Pro;50;FALSO
TXN00002;CLI0001;2023-07-13;Pro;50;VERDADERO
TXN00003;CLI0001;2023-08-13;Pro;50;VERDADERO
TXN00004;CLI0001;2023-09-13;Pro;50;VERDADERO
TXN00005;CLI0001;2023-10-13;Pro;50;VERDADERO
TXN00006;CLI0001;2023-11-13;Pro;50;VERDADERO
TXN00007;CLI0001;2023-12-13;Pro;50;VERDADERO
TXN00008;CLI0001;2024-01-13;Pro;50;VERDADERO
TXN00009;CLI0001;2024-02-13;Pro;50;VERDADERO
TXN00010;CLI0001;2024-03-13;Pro;50;VERDADERO
TXN00011;CLI0002;2023-05-30;Pro;50;FALSO
TXN00012;CLI0002;2023-06-30;Pro;50;VERDADERO
TXN00013;CLI0002;2023-07-30;Pro;50;VERDADERO
TXN00014;CLI0002;2023-08-30;Pro;50;VERDADERO
TXN00015;CLI0002;2023-09-30;Pro;50;VERDADERO
TXN00016;CLI0002;2023-10-30;Pro;50;VERDADERO
TXN00017;CLI0002;2023-11-30;Pro;50;VERDADERO
TXN00018;CLI0002;2023-12-30;Pro;50;VERDADERO
TXN00019;CLI0002;2024-01-30;Pro;50;VERDADERO
TXN00020;CLI0002;2024-02-28;Pro;50;VERDADERO
TXN00021;CLI0002;2024-03-30;Pro;50;VERDADERO
TXN00022;CLI0002;2024-04-30;Pro;50;VERDADERO
TXN00023;CLI0002;2024-05-30;Pro;50;VERDADERO
TXN00024;CLI0002;2024-06-30;Pro;50;VERDADERO
TXN00025;CLI0002;2024-07-30;Pro;50;VERDADERO
TXN00026;CLI0002;2024-08-30;Pro;50;VERDADERO
TXN00027;CLI0002;2024-09-30;Pro;50;VERDADERO
TXN00028;CLI0002;2024-10-30;Pro;50;VERDADERO
TXN00029;CLI0002;2024-11-30;Pro;50;VERDADERO
TXN00030;CLI0003;2023-06-21;Pro;50;FALSO
TXN00031;CLI0003;2023-07-21;Pro;50;VERDADERO
TXN00032;CLI0003;2023-08-21;Pro;50;VERDADERO
TXN00033;CLI0003;2023-09-21;Pro;50;VERDADERO
TXN00034;CLI0003;2023-10-21;Pro;50;VERDADERO
TXN00035;CLI0003;2023-11-21;Pro;50;VERDADERO
TXN00036;CLI0003;2023-12-21;Pro;50;VERDADERO
TXN00037;CLI0003;2024-01-21;Pro;50;VERDADERO
TXN00038;CLI0003;2024-02-21;Pro;50;VERDADERO
TXN00039;CLI0003;2024-03-21;Pro;50;VERDADERO
TXN00040;CLI0003;2024-04-21;Pro;50;VERDADERO
TXN00041;CLI0003;2024-05-21;Pro;50;VERDADERO
TXN00042;CLI0003;2024-06-21;Pro;50;VERDADERO
TXN00043;CLI0004;2023-01-12;Pro;50;FALSO
TXN00044;CLI0004;2023-02-12;Pro;50;VERDADERO
TXN00045;CLI0004;2023-03-12;Pro;50;VERDADERO
TXN00046;CLI0004;2023-04-12;Pro;50;VERDADERO
TXN00047;CLI0004;2023-05-12;Pro;50;VERDADERO
TXN00048;CLI0004;2023-06-12;Pro;50;VERDADERO
TXN00049;CLI0004;2023-07-12;Pro;50;VERDADERO
TXN00050;CLI0004;2023-08-12;Pro;50;VERDADERO
TXN00051;CLI0004;2023-09-12;Pro;50;VERDADERO
TXN00052;CLI0004;2023-10-12;Pro;50;VERDADERO
TXN00053;CLI0005;2023-03-03;Pro;50;FALSO
TXN00054;CLI0005;2023-04-03;Pro;50;VERDADERO
TXN00055;CLI0005;2023-05-03;Pro;50;VERDADERO
TXN00056;CLI0005;2023-06-03;Pro;50;VERDADERO
TXN00057;CLI0005;2023-07-03;Pro;50;VERDADERO
TXN00058;CLI0005;2023-08-03;Pro;50;VERDADERO
TXN00059;CLI0005;2023-09-03;Pro;50;VERDADERO
TXN00060;CLI0005;2023-10-03;Pro;50;VERDADERO
TXN00061;CLI0005;2023-11-03;Pro;50;VERDADERO
TXN00062;CLI0005;2023-12-03;Pro;50;VERDADERO
TXN00063;CLI0005;2024-01-03;Pro;50;VERDADERO
TXN00064;CLI0005;2024-02-03;Pro;50;VERDADERO
TXN00065;CLI0005;2024-03-03;Pro;50;VERDADERO
TXN00066;CLI0005;2024-04-03;Pro;50;VERDADERO
TXN00067;CLI0005;2024-05-03;Pro;50;VERDADERO
TXN00068;CLI0005;2024-06-03;Pro;50;VERDADERO
TXN00069;CLI0005;2024-07-03;Pro;50;VERDADERO
TXN00070;CLI0006;2023-06-15;Pro;50;FALSO
TXN00071;CLI0006;2023-07-15;Pro;50;VERDADERO
TXN00072;CLI0006;2023-08-15;Pro;50;VERDADERO
TXN00073;CLI0006;2023-09-15;Pro;50;VERDADERO
TXN00074;CLI0006;2023-10-15;Pro;50;VERDADERO
TXN00075;CLI0006;2023-11-15;Pro;50;VERDADERO
TXN00076;CLI0006;2023-12-15;Pro;50;VERDADERO
TXN00077;CLI0006;2024-01-15;Pro;50;VERDADERO
TXN00078;CLI0006;2024-02-15;Pro;50;VERDADERO
TXN00079;CLI0006;2024-03-15;Pro;50;VERDADERO
TXN00080;CLI0006;2024-04-15;Pro;50;VERDADERO
TXN00081;CLI0006;2024-05-15;Pro;50;VERDADERO
TXN00082;CLI0006;2024-06-15;Pro;50;VERDADERO
TXN00083;CLI0006;2024-07-15;Pro;50;VERDADERO
TXN00084;CLI0006;2024-08-15;Pro;50;VERDADERO
TXN00085;CLI0006;2024-09-15;Pro;50;VERDADERO
TXN00086;CLI0006;2024-10-15;Pro;50;VERDADERO
TXN00087;CLI0007;2023-02-11;Pro;50;FALSO
TXN00088;CLI0007;2023-03-11;Pro;50;VERDADERO
TXN00089;CLI0007;2023-04-11;Pro;50;VERDADERO
TXN00090;CLI0007;2023-05-11;Pro;50;VERDADERO
TXN00091;CLI0007;2023-06-11;Pro;50;VERDADERO
TXN00092;CLI0007;2023-07-11;Pro;50;VERDADERO
TXN00093;CLI0007;2023-08-11;Pro;50;VERDADERO
TXN00094;CLI0007;2023-09-11;Pro;50;VERDADERO
TXN00095;CLI0007;2023-10-11;Pro;50;VERDADERO
TXN00096;CLI0007;2023-11-11;Pro;50;VERDADERO
TXN00097;CLI0007;2023-12-11;Pro;50;VERDADERO
TXN00098;CLI0007;2024-01-11;Pro;50;VERDADERO
TXN00099;CLI0007;2024-02-11;Pro;50;VERDADERO
TXN00100;CLI0007;2024-03-11;Pro;50;VERDADERO
TXN00101;CLI0007;2024-04-11;Pro;50;VERDADERO
TXN00102;CLI0007;2024-05-11;Pro;50;VERDADERO
TXN00103;CLI0008;2023-06-23;Pro;50;FALSO
TXN00104;CLI0008;2023-07-23;Pro;50;VERDADERO
TXN00105;CLI0008;2023-08-23;Pro;50;VERDADERO
TXN00106;CLI0008;2023-09-23;Pro;50;VERDADERO
TXN00107;CLI0008;2023-10-23;Pro;50;VERDADERO
TXN00108;CLI0008;2023-11-23;Pro;50;VERDADERO
TXN00109;CLI0008;2023-12-23;Pro;50;VERDADERO
TXN00110;CLI0008;2024-01-23;Pro;50;VERDADERO
TXN00111;CLI0008;2024-02-23;Pro;50;VERDADERO
TXN00112;CLI0008;2024-03-23;Pro;50;VERDADERO
TXN00113;CLI0008;2024-04-23;Pro;50;VERDADERO
TXN00114;CLI0009;2023-06-26;Pro;50;FALSO
TXN00115;CLI0009;2023-07-26;Pro;50;VERDADERO
TXN00116;CLI0009;2023-08-26;Pro;50;VERDADERO
TXN00117;CLI0009;2023-09-26;Pro;50;VERDADERO
TXN00118;CLI0009;2023-10-26;Pro;50;VERDADERO
TXN00119;CLI0009;2023-11-26;Pro;50;VERDADERO
TXN00120;CLI0009;2023-12-26;Pro;50;VERDADERO
TXN00121;CLI0009;2024-01-26;Pro;50;VERDADERO
TXN00122;CLI0009;2024-02-26;Pro;50;VERDADERO
TXN00123;CLI0009;2024-03-26;Pro;50;VERDADERO
TXN00124;CLI0009;2024-04-26;Pro;50;VERDADERO
TXN00125;CLI0009;2024-05-26;Pro;50;VERDADERO
TXN00126;CLI0009;2024-06-26;Pro;50;VERDADERO
TXN00127;CLI0010;2023-06-20;Pro;50;FALSO
TXN00128;CLI0010;2023-07-20;Pro;50;VERDADERO
TXN00129;CLI0010;2023-08-20;Pro;50;VERDADERO
TXN00130;CLI0010;2023-09-20;Pro;50;VERDADERO
TXN00131;CLI0010;2023-10-20;Pro;50;VERDADERO
TXN00132;CLI0010;2023-11-20;Pro;50;VERDADERO
TXN00133;CLI0010;2023-12-20;Pro;50;VERDADERO
TXN00134;CLI0010;2024-01-20;Pro;50;VERDADERO
TXN00135;CLI0010;2024-02-20;Pro;50;VERDADERO
TXN00136;CLI0010;2024-03-20;Pro;50;VERDADERO
TXN00137;CLI0011;2023-05-28;Pro;50;FALSO
TXN00138;CLI0011;2023-06-28;Pro;50;VERDADERO
TXN00139;CLI0011;2023-07-28;Pro;50;VERDADERO
TXN00140;CLI0011;2023-08-28;Pro;50;VERDADERO
TXN00141;CLI0011;2023-09-28;Pro;50;VERDADERO
TXN00142;CLI0011;2023-10-28;Pro;50;VERDADERO
TXN00143;CLI0011;2023-11-28;Pro;50;VERDADERO
TXN00144;CLI0011;2023-12-28;Pro;50;VERDADERO
TXN00145;CLI0011;2024-01-28;Pro;50;VERDADERO
TXN00146;CLI0011;2024-02-28;Pro;50;VERDADERO
TXN00147;CLI0011;2024-03-28;Pro;50;VERDADERO
TXN00148;CLI0011;2024-04-28;Pro;50;VERDADERO
TXN00149;CLI0011;2024-05-28;Pro;50;VERDADERO
TXN00150;CLI0011;2024-06-28;Pro;50;VERDADERO
TXN00151;CLI0011;2024-07-28;Pro;50;VERDADERO
TXN00152;CLI0011;2024-08-28;Pro;50;VERDADERO
TXN00153;CLI0011;2024-09-28;Pro;50;VERDADERO
TXN00154;CLI0011;2024-10-28;Pro;50;VERDADERO
TXN00155;CLI0011;2024-11-28;Pro;50;VERDADERO
TXN00156;CLI0012;2023-04-06;Pro;50;FALSO
TXN00157;CLI0012;2023-05-06;Pro;50;VERDADERO
TXN00158;CLI0012;2023-06-06;Pro;50;VERDADERO
TXN00159;CLI0012;2023-07-06;Pro;50;VERDADERO
TXN00160;CLI0012;2023-08-06;Pro;50;VERDADERO
TXN00161;CLI0012;2023-09-06;Pro;50;VERDADERO
TXN00162;CLI0012;2023-10-06;Pro;50;VERDADERO
TXN00163;CLI0012;2023-11-06;Pro;50;VERDADERO
TXN00164;CLI0012;2023-12-06;Pro;50;VERDADERO
TXN00165;CLI0012;2024-01-06;Pro;50;VERDADERO
TXN00166;CLI0012;2024-02-06;Pro;50;VERDADERO
TXN00167;CLI0012;2024-03-06;Pro;50;VERDADERO
TXN00168;CLI0012;2024-04-06;Pro;50;VERDADERO
TXN00169;CLI0012;2024-05-06;Pro;50;VERDADERO
TXN00170;CLI0012;2024-06-06;Pro;50;VERDADERO
TXN00171;CLI0012;2024-07-06;Pro;50;VERDADERO
TXN00172;CLI0012;2024-08-06;Pro;50;VERDADERO
TXN00173;CLI0012;2024-09-06;Pro;50;VERDADERO
TXN00174;CLI0013;2023-06-23;Pro;50;FALSO
TXN00175;CLI0013;2023-07-23;Pro;50;VERDADERO
TXN00176;CLI0013;2023-08-23;Pro;50;VERDADERO
TXN00177;CLI0013;2023-09-23;Pro;50;VERDADERO
TXN00178;CLI0013;2023-10-23;Pro;50;VERDADERO
TXN00179;CLI0013;2023-11-23;Pro;50;VERDADERO
TXN00180;CLI0013;2023-12-23;Pro;50;VERDADERO
TXN00181;CLI0013;2024-01-23;Pro;50;VERDADERO
TXN00182;CLI0013;2024-02-23;Pro;50;VERDADERO
TXN00183;CLI0013;2024-03-23;Pro;50;VERDADERO
TXN00184;CLI0013;2024-04-23;Pro;50;VERDADERO
TXN00185;CLI0013;2024-05-23;Pro;50;VERDADERO
TXN00186;CLI0013;2024-06-23;Pro;50;VERDADERO
TXN00187;CLI0013;2024-07-23;Pro;50;VERDADERO
TXN00188;CLI0013;2024-08-23;Pro;50;VERDADERO
TXN00189;CLI0014;2023-04-30;Pro;50;FALSO
TXN00190;CLI0014;2023-05-30;Pro;50;VERDADERO
TXN00191;CLI0014;2023-06-30;Pro;50;VERDADERO
TXN00192;CLI0014;2023-07-30;Pro;50;VERDADERO
TXN00193;CLI0014;2023-08-30;Pro;50;VERDADERO
TXN00194;CLI0014;2023-09-30;Pro;50;VERDADERO
TXN00195;CLI0014;2023-10-30;Pro;50;VERDADERO
TXN00196;CLI0014;2023-11-30;Pro;50;VERDADERO
TXN00197;CLI0014;2023-12-30;Pro;50;VERDADERO
TXN00198;CLI0014;2024-01-30;Pro;50;VERDADERO
TXN00199;CLI0014;2024-02-28;Pro;50;VERDADERO
TXN00200;CLI0014;2024-03-30;Pro;50;VERDADERO
TXN00201;CLI0014;2024-04-30;Pro;50;VERDADERO
TXN00202;CLI0014;2024-05-30;Pro;50;VERDADERO
TXN00203;CLI0015;2023-05-15;Pro;50;FALSO
TXN00204;CLI0015;2023-06-15;Pro;50;VERDADERO
TXN00205;CLI0015;2023-07-15;Pro;50;VERDADERO
TXN00206;CLI0015;2023-08-15;Pro;50;VERDADERO
TXN00207;CLI0015;2023-09-15;Pro;50;VERDADERO
TXN00208;CLI0015;2023-10-15;Pro;50;VERDADERO
TXN00209;CLI0015;2023-11-15;Pro;50;VERDADERO
TXN00210;CLI0015;2023-12-15;Pro;50;VERDADERO
TXN00211;CLI0015;2024-01-15;Pro;50;VERDADERO
TXN00212;CLI0015;2024-02-15;Pro;50;VERDADERO
TXN00213;CLI0015;2024-03-15;Pro;50;VERDADERO
TXN00214;CLI0015;2024-04-15;Pro;50;VERDADERO
TXN00215;CLI0015;2024-05-15;Pro;50;VERDADERO
TXN00216;CLI0015;2024-06-15;Pro;50;VERDADERO
TXN00217;CLI0015;2024-07-15;Pro;50;VERDADERO
TXN00218;CLI0016;2023-06-13;Pro;50;FALSO
TXN00219;CLI0016;2023-07-13;Pro;50;VERDADERO
TXN00220;CLI0016;2023-08-13;Pro;50;VERDADERO
TXN00221;CLI0016;2023-09-13;Pro;50;VERDADERO
TXN00222;CLI0016;2023-10-13;Pro;50;VERDADERO
TXN00223;CLI0016;2023-11-13;Pro;50;VERDADERO
TXN00224;CLI0016;2023-12-13;Pro;50;VERDADERO
TXN00225;CLI0016;2024-01-13;Pro;50;VERDADERO
TXN00226;CLI0016;2024-02-13;Pro;50;VERDADERO
TXN00227;CLI0016;2024-03-13;Pro;50;VERDADERO
TXN00228;CLI0016;2024-04-13;Pro;50;VERDADERO
TXN00229;CLI0016;2024-05-13;Pro;50;VERDADERO
TXN00230;CLI0016;2024-06-13;Pro;50;VERDADERO
TXN00231;CLI0016;2024-07-13;Pro;50;VERDADERO
TXN00232;CLI0016;2024-08-13;Pro;50;VERDADERO
TXN00233;CLI0017;2023-06-28;Pro;50;FALSO
TXN00234;CLI0017;2023-07-28;Pro;50;VERDADERO
TXN00235;CLI0017;2023-08-28;Pro;50;VERDADERO
TXN00236;CLI0017;2023-09-28;Pro;50;VERDADERO
TXN00237;CLI0017;2023-10-28;Pro;50;VERDADERO
TXN00238;CLI0017;2023-11-28;Pro;50;VERDADERO
TXN00239;CLI0017;2023-12-28;Pro;50;VERDADERO
TXN00240;CLI0017;2024-01-28;Pro;50;VERDADERO
TXN00241;CLI0017;2024-02-28;Pro;50;VERDADERO
TXN00242;CLI0017;2024-03-28;Pro;50;VERDADERO
TXN00243;CLI0017;2024-04-28;Pro;50;VERDADERO
TXN00244;CLI0017;2024-05-28;Pro;50;VERDADERO
TXN00245;CLI0017;2024-06-28;Pro;50;VERDADERO
TXN00246;CLI0017;2024-07-28;Pro;50;VERDADERO
TXN00247;CLI0017;2024-08-28;Pro;50;VERDADERO
TXN00248;CLI0017;2024-09-28;Pro;50;VERDADERO
TXN00249;CLI0018;2023-01-03;Pro;50;FALSO
TXN00250;CLI0018;2023-02-03;Pro;50;VERDADERO
TXN00251;CLI0018;2023-03-03;Pro;50;VERDADERO
TXN00252;CLI0018;2023-04-03;Pro;50;VERDADERO
TXN00253;CLI0018;2023-05-03;Pro;50;VERDADERO
TXN00254;CLI0018;2023-06-03;Pro;50;VERDADERO
TXN00255;CLI0018;2023-07-03;Pro;50;VERDADERO
TXN00256;CLI0018;2023-08-03;Pro;50;VERDADERO
TXN00257;CLI0018;2023-09-03;Pro;50;VERDADERO
TXN00258;CLI0018;2023-10-03;Pro;50;VERDADERO
TXN00259;CLI0018;2023-11-03;Pro;50;VERDADERO
TXN00260;CLI0019;2023-02-13;Pro;50;FALSO
TXN00261;CLI0019;2023-03-13;Pro;50;VERDADERO
TXN00262;CLI0019;2023-04-13;Pro;50;VERDADERO
TXN00263;CLI0019;2023-05-13;Pro;50;VERDADERO
TXN00264;CLI0019;2023-06-13;Pro;50;VERDADERO
TXN00265;CLI0019;2023-07-13;Pro;50;VERDADERO
TXN00266;CLI0019;2023-08-13;Pro;50;VERDADERO
TXN00267;CLI0019;2023-09-13;Pro;50;VERDADERO
TXN00268;CLI0019;2023-10-13;Pro;50;VERDADERO
TXN00269;CLI0019;2023-11-13;Pro;50;VERDADERO
TXN00270;CLI0019;2023-12-13;Pro;50;VERDADERO
TXN00271;CLI0019;2024-01-13;Pro;50;VERDADERO
TXN00272;CLI0019;2024-02-13;Pro;50;VERDADERO
TXN00273;CLI0019;2024-03-13;Pro;50;VERDADERO
TXN00274;CLI0020;2023-05-22;Pro;50;FALSO
TXN00275;CLI0020;2023-06-22;Pro;50;VERDADERO
TXN00276;CLI0020;2023-07-22;Pro;50;VERDADERO
TXN00277;CLI0020;2023-08-22;Pro;50;VERDADERO
TXN00278;CLI0020;2023-09-22;Pro;50;VERDADERO
TXN00279;CLI0020;2023-10-22;Pro;50;VERDADERO
TXN00280;CLI0020;2023-11-22;Pro;50;VERDADERO
TXN00281;CLI0020;2023-12-22;Pro;50;VERDADERO
TXN00282;CLI0020;2024-01-22;Pro;50;VERDADERO
TXN00283;CLI0020;2024-02-22;Pro;50;VERDADERO
TXN00284;CLI0020;2024-03-22;Pro;50;VERDADERO
TXN00285;CLI0020;2024-04-22;Pro;50;VERDADERO
TXN00286;CLI0020;2024-05-22;Pro;50;VERDADERO
TXN00287;CLI0020;2024-06-22;Pro;50;VERDADERO
TXN00288;CLI0020;2024-07-22;Pro;50;VERDADERO
TXN00289;CLI0021;2023-01-16;Pro;50;FALSO
TXN00290;CLI0021;2023-02-16;Pro;50;VERDADERO
TXN00291;CLI0021;2023-03-16;Pro;50;VERDADERO
TXN00292;CLI0021;2023-04-16;Pro;50;VERDADERO
TXN00293;CLI0021;2023-05-16;Pro;50;VERDADERO
TXN00294;CLI0021;2023-06-16;Pro;50;VERDADERO
TXN00295;CLI0021;2023-07-16;Pro;50;VERDADERO
TXN00296;CLI0021;2023-08-16;Pro;50;VERDADERO
TXN00297;CLI0021;2023-09-16;Pro;50;VERDADERO
TXN00298;CLI0021;2023-10-16;Pro;50;VERDADERO
TXN00299;CLI0021;2023-11-16;Pro;50;VERDADERO
TXN00300;CLI0021;2023-12-16;Pro;50;VERDADERO
TXN00301;CLI0021;2024-01-16;Pro;50;VERDADERO
TXN00302;CLI0021;2024-02-16;Pro;50;VERDADERO
TXN00303;CLI0021;2024-03-16;Pro;50;VERDADERO
TXN00304;CLI0021;2024-04-16;Pro;50;VERDADERO
TXN00305;CLI0021;2024-05-16;Pro;50;VERDADERO
TXN00306;CLI0021;2024-06-16;Pro;50;VERDADERO
TXN00307;CLI0021;2024-07-16;Pro;50;VERDADERO
TXN00308;CLI0021;2024-08-16;Pro;50;VERDADERO
TXN00309;CLI0021;2024-09-16;Pro;50;VERDADERO
TXN00310;CLI0021;2024-10-16;Pro;50;VERDADERO
TXN00311;CLI0021;2024-11-16;Pro;50;VERDADERO
TXN00312;CLI0022;2023-05-08;Pro;50;FALSO
TXN00313;CLI0022;2023-06-08;Pro;50;VERDADERO
TXN00314;CLI0022;2023-07-08;Pro;50;VERDADERO
TXN00315;CLI0022;2023-08-08;Pro;50;VERDADERO
TXN00316;CLI0022;2023-09-08;Pro;50;VERDADERO
TXN00317;CLI0022;2023-10-08;Pro;50;VERDADERO
TXN00318;CLI0022;2023-11-08;Pro;50;VERDADERO
TXN00319;CLI0022;2023-12-08;Pro;50;VERDADERO
TXN00320;CLI0022;2024-01-08;Pro;50;VERDADERO
TXN00321;CLI0022;2024-02-08;Pro;50;VERDADERO
TXN00322;CLI0022;2024-03-08;Pro;50;VERDADERO
TXN00323;CLI0022;2024-04-08;Pro;50;VERDADERO
TXN00324;CLI0022;2024-05-08;Pro;50;VERDADERO
TXN00325;CLI0022;2024-06-08;Pro;50;VERDADERO
TXN00326;CLI0022;2024-07-08;Pro;50;VERDADERO
TXN00327;CLI0022;2024-08-08;Pro;50;VERDADERO
TXN00328;CLI0022;2024-09-08;Pro;50;VERDADERO
TXN00329;CLI0022;2024-10-08;Pro;50;VERDADERO
TXN00330;CLI0023;2023-02-14;Pro;50;FALSO
TXN00331;CLI0023;2023-03-14;Pro;50;VERDADERO
TXN00332;CLI0023;2023-04-14;Pro;50;VERDADERO
TXN00333;CLI0023;2023-05-14;Pro;50;VERDADERO
TXN00334;CLI0023;2023-06-14;Pro;50;VERDADERO
TXN00335;CLI0023;2023-07-14;Pro;50;VERDADERO
TXN00336;CLI0023;2023-08-14;Pro;50;VERDADERO
TXN00337;CLI0023;2023-09-14;Pro;50;VERDADERO
TXN00338;CLI0023;2023-10-14;Pro;50;VERDADERO
TXN00339;CLI0023;2023-11-14;Pro;50;VERDADERO
TXN00340;CLI0023;2023-12-14;Pro;50;VERDADERO
TXN00341;CLI0023;2024-01-14;Pro;50;VERDADERO
TXN00342;CLI0023;2024-02-14;Pro;50;VERDADERO
TXN00343;CLI0024;2023-05-25;Pro;50;FALSO
TXN00344;CLI0024;2023-06-25;Pro;50;VERDADERO
TXN00345;CLI0024;2023-07-25;Pro;50;VERDADERO
TXN00346;CLI0024;2023-08-25;Pro;50;VERDADERO
TXN00347;CLI0024;2023-09-25;Pro;50;VERDADERO
TXN00348;CLI0024;2023-10-25;Pro;50;VERDADERO
TXN00349;CLI0024;2023-11-25;Pro;50;VERDADERO
TXN00350;CLI0024;2023-12-25;Pro;50;VERDADERO
TXN00351;CLI0024;2024-01-25;Pro;50;VERDADERO
TXN00352;CLI0024;2024-02-25;Pro;50;VERDADERO
TXN00353;CLI0024;2024-03-25;Pro;50;VERDADERO
TXN00354;CLI0024;2024-04-25;Pro;50;VERDADERO
TXN00355;CLI0024;2024-05-25;Pro;50;VERDADERO
TXN00356;CLI0024;2024-06-25;Pro;50;VERDADERO
TXN00357;CLI0024;2024-07-25;Pro;50;VERDADERO
TXN00358;CLI0024;2024-08-25;Pro;50;VERDADERO
TXN00359;CLI0024;2024-09-25;Pro;50;VERDADERO
TXN00360;CLI0025;2023-01-29;Pro;50;FALSO
TXN00361;CLI0025;2023-02-28;Pro;50;VERDADERO
TXN00362;CLI0025;2023-03-29;Pro;50;VERDADERO
TXN00363;CLI0025;2023-04-29;Pro;50;VERDADERO
TXN00364;CLI0025;2023-05-29;Pro;50;VERDADERO
TXN00365;CLI0025;2023-06-29;Pro;50;VERDADERO
TXN00366;CLI0025;2023-07-29;Pro;50;VERDADERO
TXN00367;CLI0025;2023-08-29;Pro;50;VERDADERO
TXN00368;CLI0025;2023-09-29;Pro;50;VERDADERO
TXN00369;CLI0025;2023-10-29;Pro;50;VERDADERO
TXN00370;CLI0025;2023-11-29;Pro;50;VERDADERO
TXN00371;CLI0025;2023-12-29;Pro;50;VERDADERO
TXN00372;CLI0026;2023-03-31;Pro;50;FALSO
TXN00373;CLI0026;2023-04-30;Pro;50;VERDADERO
TXN00374;CLI0026;2023-05-31;Pro;50;VERDADERO
TXN00375;CLI0026;2023-06-30;Pro;50;VERDADERO
TXN00376;CLI0026;2023-07-31;Pro;50;VERDADERO
TXN00377;CLI0026;2023-08-31;Pro;50;VERDADERO
TXN00378;CLI0026;2023-09-30;Pro;50;VERDADERO
TXN00379;CLI0026;2023-10-31;Pro;50;VERDADERO
TXN00380;CLI0026;2023-11-30;Pro;50;VERDADERO
TXN00381;CLI0026;2023-12-31;Pro;50;VERDADERO
TXN00382;CLI0026;2024-01-31;Pro;50;VERDADERO
TXN00383;CLI0026;2024-02-28;Pro;50;VERDADERO
TXN00384;CLI0026;2024-03-31;Pro;50;VERDADERO
TXN00385;CLI0026;2024-04-30;Pro;50;VERDADERO
TXN00386;CLI0027;2023-01-17;Pro;50;FALSO
TXN00387;CLI0027;2023-02-17;Pro;50;VERDADERO
TXN00388;CLI0027;2023-03-17;Pro;50;VERDADERO
TXN00389;CLI0027;2023-04-17;Pro;50;VERDADERO
TXN00390;CLI0027;2023-05-17;Pro;50;VERDADERO
TXN00391;CLI0027;2023-06-17;Pro;50;VERDADERO
TXN00392;CLI0027;2023-07-17;Pro;50;VERDADERO
TXN00393;CLI0027;2023-08-17;Pro;50;VERDADERO
TXN00394;CLI0027;2023-09-17;Pro;50;VERDADERO
TXN00395;CLI0027;2023-10-17;Pro;50;VERDADERO
TXN00396;CLI0027;2023-11-17;Pro;50;VERDADERO
TXN00397;CLI0027;2023-12-17;Pro;50;VERDADERO
TXN00398;CLI0027;2024-01-17;Pro;50;VERDADERO
TXN00399;CLI0027;2024-02-17;Pro;50;VERDADERO
TXN00400;CLI0028;2023-04-02;Pro;50;FALSO
TXN00401;CLI0028;2023-05-02;Pro;50;VERDADERO
TXN00402;CLI0028;2023-06-02;Pro;50;VERDADERO
TXN00403;CLI0028;2023-07-02;Pro;50;VERDADERO
TXN00404;CLI0028;2023-08-02;Pro;50;VERDADERO
TXN00405;CLI0028;2023-09-02;Pro;50;VERDADERO
TXN00406;CLI0028;2023-10-02;Pro;50;VERDADERO
TXN00407;CLI0028;2023-11-02;Pro;50;VERDADERO
TXN00408;CLI0028;2023-12-02;Pro;50;VERDADERO
TXN00409;CLI0028;2024-01-02;Pro;50;VERDADERO
TXN00410;CLI0028;2024-02-02;Pro;50;VERDADERO
TXN00411;CLI0028;2024-03-02;Pro;50;VERDADERO
TXN00412;CLI0028;2024-04-02;Pro;50;VERDADERO
TXN00413;CLI0028;2024-05-02;Pro;50;VERDADERO
TXN00414;CLI0028;2024-06-02;Pro;50;VERDADERO
TXN00415;CLI0028;2024-07-02;Pro;50;VERDADERO
TXN00416;CLI0028;2024-08-02;Pro;50;VERDADERO
TXN00417;CLI0028;2024-09-02;Pro;50;VERDADERO
TXN00418;CLI0028;2024-10-02;Pro;50;VERDADERO
TXN00419;CLI0028;2024-11-02;Pro;50;VERDADERO
TXN00420;CLI0029;2023-05-24;Pro;50;FALSO
TXN00421;CLI0029;2023-06-24;Pro;50;VERDADERO
TXN00422;CLI0029;2023-07-24;Pro;50;VERDADERO
TXN00423;CLI0029;2023-08-24;Pro;50;VERDADERO
TXN00424;CLI0029;2023-09-24;Pro;50;VERDADERO
TXN00425;CLI0029;2023-10-24;Pro;50;VERDADERO
TXN00426;CLI0029;2023-11-24;Pro;50;VERDADERO
TXN00427;CLI0029;2023-12-24;Pro;50;VERDADERO
TXN00428;CLI0029;2024-01-24;Pro;50;VERDADERO
TXN00429;CLI0029;2024-02-24;Pro;50;VERDADERO
TXN00430;CLI0029;2024-03-24;Pro;50;VERDADERO
TXN00431;CLI0029;2024-04-24;Pro;50;VERDADERO
TXN00432;CLI0029;2024-05-24;Pro;50;VERDADERO
TXN00433;CLI0029;2024-06-24;Pro;50;VERDADERO
TXN00434;CLI0029;2024-07-24;Pro;50;VERDADERO
TXN00435;CLI0029;2024-08-24;Pro;50;VERDADERO
TXN00436;CLI0029;2024-09-24;Pro;50;VERDADERO
TXN00437;CLI0029;2024-10-24;Pro;50;VERDADERO
TXN00438;CLI0030;2023-05-21;Pro;50;FALSO
TXN00439;CLI0030;2023-06-21;Pro;50;VERDADERO
TXN00440;CLI0030;2023-07-21;Pro;50;VERDADERO
TXN00441;CLI0030;2023-08-21;Pro;50;VERDADERO
TXN00442;CLI0030;2023-09-21;Pro;50;VERDADERO
TXN00443;CLI0030;2023-10-21;Pro;50;VERDADERO
TXN00444;CLI0030;2023-11-21;Pro;50;VERDADERO
TXN00445;CLI0030;2023-12-21;Pro;50;VERDADERO
TXN00446;CLI0030;2024-01-21;Pro;50;VERDADERO
TXN00447;CLI0030;2024-02-21;Pro;50;VERDADERO
TXN00448;CLI0030;2024-03-21;Pro;50;VERDADERO
TXN00449;CLI0030;2024-04-21;Pro;50;VERDADERO
TXN00450;CLI0030;2024-05-21;Pro;50;VERDADERO
TXN00451;CLI0030;2024-06-21;Pro;50;VERDADERO
TXN00452;CLI0031;2023-06-17;Pro;50;FALSO
TXN00453;CLI0031;2023-07-17;Pro;50;VERDADERO
TXN00454;CLI0031;2023-08-17;Pro;50;VERDADERO
TXN00455;CLI0031;2023-09-17;Pro;50;VERDADERO
TXN00456;CLI0031;2023-10-17;Pro;50;VERDADERO
TXN00457;CLI0031;2023-11-17;Pro;50;VERDADERO
TXN00458;CLI0031;2023-12-17;Pro;50;VERDADERO
TXN00459;CLI0031;2024-01-17;Pro;50;VERDADERO
TXN00460;CLI0031;2024-02-17;Pro;50;VERDADERO
TXN00461;CLI0031;2024-03-17;Pro;50;VERDADERO
TXN00462;CLI0031;2024-04-17;Pro;50;VERDADERO
TXN00463;CLI0031;2024-05-17;Pro;50;VERDADERO
TXN00464;CLI0031;2024-06-17;Pro;50;VERDADERO
TXN00465;CLI0031;2024-07-17;Pro;50;VERDADERO
TXN00466;CLI0031;2024-08-17;Pro;50;VERDADERO
TXN00467;CLI0032;2023-05-22;Pro;50;FALSO
TXN00468;CLI0032;2023-06-22;Pro;50;VERDADERO
TXN00469;CLI0032;2023-07-22;Pro;50;VERDADERO
TXN00470;CLI0032;2023-08-22;Pro;50;VERDADERO
TXN00471;CLI0032;2023-09-22;Pro;50;VERDADERO
TXN00472;CLI0032;2023-10-22;Pro;50;VERDADERO
TXN00473;CLI0032;2023-11-22;Pro;50;VERDADERO
TXN00474;CLI0032;2023-12-22;Pro;50;VERDADERO
TXN00475;CLI0032;2024-01-22;Pro;50;VERDADERO
TXN00476;CLI0032;2024-02-22;Pro;50;VERDADERO
TXN00477;CLI0032;2024-03-22;Pro;50;VERDADERO
TXN00478;CLI0032;2024-04-22;Pro;50;VERDADERO
TXN00479;CLI0033;2023-03-05;Pro;50;FALSO
TXN00480;CLI0033;2023-04-05;Pro;50;VERDADERO
TXN00481;CLI0033;2023-05-05;Pro;50;VERDADERO
TXN00482;CLI0033;2023-06-05;Pro;50;VERDADERO
TXN00483;CLI0033;2023-07-05;Pro;50;VERDADERO
TXN00484;CLI0033;2023-08-05;Pro;50;VERDADERO
TXN00485;CLI0033;2023-09-05;Pro;50;VERDADERO
TXN00486;CLI0033;2023-10-05;Pro;50;VERDADERO
TXN00487;CLI0033;2023-11-05;Pro;50;VERDADERO
TXN00488;CLI0033;2023-12-05;Pro;50;VERDADERO
TXN00489;CLI0033;2024-01-05;Pro;50;VERDADERO
TXN00490;CLI0034;2023-01-13;Pro;50;FALSO
TXN00491;CLI0034;2023-02-13;Pro;50;VERDADERO
TXN00492;CLI0034;2023-03-13;Pro;50;VERDADERO
TXN00493;CLI0034;2023-04-13;Pro;50;VERDADERO
TXN00494;CLI0034;2023-05-13;Pro;50;VERDADERO
TXN00495;CLI0034;2023-06-13;Pro;50;VERDADERO
TXN00496;CLI0034;2023-07-13;Pro;50;VERDADERO
TXN00497;CLI0034;2023-08-13;Pro;50;VERDADERO
TXN00498;CLI0034;2023-09-13;Pro;50;VERDADERO
TXN00499;CLI0034;2023-10-13;Pro;50;VERDADERO
TXN00500;CLI0034;2023-11-13;Pro;50;VERDADERO
TXN00501;CLI0035;2023-06-13;Pro;50;FALSO
TXN00502;CLI0035;2023-07-13;Pro;50;VERDADERO
TXN00503;CLI0035;2023-08-13;Pro;50;VERDADERO
TXN00504;CLI0035;2023-09-13;Pro;50;VERDADERO
TXN00505;CLI0035;2023-10-13;Pro;50;VERDADERO
TXN00506;CLI0035;2023-11-13;Pro;50;VERDADERO
TXN00507;CLI0035;2023-12-13;Pro;50;VERDADERO
TXN00508;CLI0035;2024-01-13;Pro;50;VERDADERO
TXN00509;CLI0035;2024-02-13;Pro;50;VERDADERO
TXN00510;CLI0035;2024-03-13;Pro;50;VERDADERO
TXN00511;CLI0035;2024-04-13;Pro;50;VERDADERO
TXN00512;CLI0035;2024-05-13;Pro;50;VERDADERO
TXN00513;CLI0035;2024-06-13;Pro;50;VERDADERO
TXN00514;CLI0035;2024-07-13;Pro;50;VERDADERO
TXN00515;CLI0035;2024-08-13;Pro;50;VERDADERO
TXN00516;CLI0036;2023-03-01;Pro;50;FALSO
TXN00517;CLI0036;2023-04-01;Pro;50;VERDADERO
TXN00518;CLI0036;2023-05-01;Pro;50;VERDADERO
TXN00519;CLI0036;2023-06-01;Pro;50;VERDADERO
TXN00520;CLI0036;2023-07-01;Pro;50;VERDADERO
TXN00521;CLI0036;2023-08-01;Pro;50;VERDADERO
TXN00522;CLI0036;2023-09-01;Pro;50;VERDADERO
TXN00523;CLI0036;2023-10-01;Pro;50;VERDADERO
TXN00524;CLI0036;2023-11-01;Pro;50;VERDADERO
TXN00525;CLI0036;2023-12-01;Pro;50;VERDADERO
TXN00526;CLI0036;2024-01-01;Pro;50;VERDADERO
TXN00527;CLI0036;2024-02-01;Pro;50;VERDADERO
TXN00528;CLI0036;2024-03-01;Pro;50;VERDADERO
TXN00529;CLI0036;2024-04-01;Pro;50;VERDADERO
TXN00530;CLI0036;2024-05-01;Pro;50;VERDADERO
TXN00531;CLI0036;2024-06-01;Pro;50;VERDADERO
TXN00532;CLI0036;2024-07-01;Pro;50;VERDADERO
TXN00533;CLI0036;2024-08-01;Pro;50;VERDADERO
TXN00534;CLI0037;2023-04-13;Pro;50;FALSO
TXN00535;CLI0037;2023-05-13;Pro;50;VERDADERO
TXN00536;CLI0037;2023-06-13;Pro;50;VERDADERO
TXN00537;CLI0037;2023-07-13;Pro;50;VERDADERO
TXN00538;CLI0037;2023-08-13;Pro;50;VERDADERO
TXN00539;CLI0037;2023-09-13;Pro;50;VERDADERO
TXN00540;CLI0037;2023-10-13;Pro;50;VERDADERO
TXN00541;CLI0037;2023-11-13;Pro;50;VERDADERO
TXN00542;CLI0037;2023-12-13;Pro;50;VERDADERO
TXN00543;CLI0037;2024-01-13;Pro;50;VERDADERO
TXN00544;CLI0037;2024-02-13;Pro;50;VERDADERO
TXN00545;CLI0038;2023-05-18;Pro;50;FALSO
TXN00546;CLI0038;2023-06-18;Pro;50;VERDADERO
TXN00547;CLI0038;2023-07-18;Pro;50;VERDADERO
TXN00548;CLI0038;2023-08-18;Pro;50;VERDADERO
TXN00549;CLI0038;2023-09-18;Pro;50;VERDADERO
TXN00550;CLI0038;2023-10-18;Pro;50;VERDADERO
TXN00551;CLI0038;2023-11-18;Pro;50;VERDADERO
TXN00552;CLI0038;2023-12-18;Pro;50;VERDADERO
TXN00553;CLI0038;2024-01-18;Pro;50;VERDADERO
TXN00554;CLI0038;2024-02-18;Pro;50;VERDADERO
TXN00555;CLI0038;2024-03-18;Pro;50;VERDADERO
TXN00556;CLI0038;2024-04-18;Pro;50;VERDADERO
TXN00557;CLI0038;2024-05-18;Pro;50;VERDADERO
TXN00558;CLI0039;2023-06-26;Pro;50;FALSO
TXN00559;CLI0039;2023-07-26;Pro;50;VERDADERO
TXN00560;CLI0039;2023-08-26;Pro;50;VERDADERO
TXN00561;CLI0039;2023-09-26;Pro;50;VERDADERO
TXN00562;CLI0039;2023-10-26;Pro;50;VERDADERO
TXN00563;CLI0039;2023-11-26;Pro;50;VERDADERO
TXN00564;CLI0039;2023-12-26;Pro;50;VERDADERO
TXN00565;CLI0039;2024-01-26;Pro;50;VERDADERO
TXN00566;CLI0039;2024-02-26;Pro;50;VERDADERO
TXN00567;CLI0039;2024-03-26;Pro;50;VERDADERO
TXN00568;CLI0039;2024-04-26;Pro;50;VERDADERO
TXN00569;CLI0039;2024-05-26;Pro;50;VERDADERO
TXN00570;CLI0040;2023-03-06;Pro;50;FALSO
TXN00571;CLI0040;2023-04-06;Pro;50;VERDADERO
TXN00572;CLI0040;2023-05-06;Pro;50;VERDADERO
TXN00573;CLI0040;2023-06-06;Pro;50;VERDADERO
TXN00574;CLI0040;2023-07-06;Pro;50;VERDADERO
TXN00575;CLI0040;2023-08-06;Pro;50;VERDADERO
TXN00576;CLI0040;2023-09-06;Pro;50;VERDADERO
TXN00577;CLI0040;2023-10-06;Pro;50;VERDADERO
TXN00578;CLI0040;2023-11-06;Pro;50;VERDADERO
TXN00579;CLI0040;2023-12-06;Pro;50;VERDADERO
TXN00580;CLI0040;2024-01-06;Pro;50;VERDADERO
TXN00581;CLI0040;2024-02-06;Pro;50;VERDADERO
TXN00582;CLI0040;2024-03-06;Pro;50;VERDADERO
TXN00583;CLI0040;2024-04-06;Pro;50;VERDADERO
TXN00584;CLI0040;2024-05-06;Pro;50;VERDADERO
TXN00585;CLI0040;2024-06-06;Pro;50;VERDADERO
TXN00586;CLI0040;2024-07-06;Pro;50;VERDADERO
TXN00587;CLI0041;2023-04-26;Pro;50;FALSO
TXN00588;CLI0041;2023-05-26;Pro;50;VERDADERO
TXN00589;CLI0041;2023-06-26;Pro;50;VERDADERO
TXN00590;CLI0041;2023-07-26;Pro;50;VERDADERO
TXN00591;CLI0041;2023-08-26;Pro;50;VERDADERO
TXN00592;CLI0041;2023-09-26;Pro;50;VERDADERO
TXN00593;CLI0041;2023-10-26;Pro;50;VERDADERO
TXN00594;CLI0041;2023-11-26;Pro;50;VERDADERO
TXN00595;CLI0041;2023-12-26;Pro;50;VERDADERO
TXN00596;CLI0041;2024-01-26;Pro;50;VERDADERO
TXN00597;CLI0041;2024-02-26;Pro;50;VERDADERO
TXN00598;CLI0041;2024-03-26;Pro;50;VERDADERO
TXN00599;CLI0041;2024-04-26;Pro;50;VERDADERO
TXN00600;CLI0042;2023-01-28;Pro;50;FALSO
TXN00601;CLI0042;2023-02-28;Pro;50;VERDADERO
TXN00602;CLI0042;2023-03-28;Pro;50;VERDADERO
TXN00603;CLI0042;2023-04-28;Pro;50;VERDADERO
TXN00604;CLI0042;2023-05-28;Pro;50;VERDADERO
TXN00605;CLI0042;2023-06-28;Pro;50;VERDADERO
TXN00606;CLI0042;2023-07-28;Pro;50;VERDADERO
TXN00607;CLI0042;2023-08-28;Pro;50;VERDADERO
TXN00608;CLI0042;2023-09-28;Pro;50;VERDADERO
TXN00609;CLI0042;2023-10-28;Pro;50;VERDADERO
TXN00610;CLI0042;2023-11-28;Pro;50;VERDADERO
TXN00611;CLI0042;2023-12-28;Pro;50;VERDADERO
TXN00612;CLI0042;2024-01-28;Pro;50;VERDADERO
TXN00613;CLI0042;2024-02-28;Pro;50;VERDADERO
TXN00614;CLI0042;2024-03-28;Pro;50;VERDADERO
TXN00615;CLI0042;2024-04-28;Pro;50;VERDADERO
TXN00616;CLI0042;2024-05-28;Pro;50;VERDADERO
TXN00617;CLI0042;2024-06-28;Pro;50;VERDADERO
TXN00618;CLI0043;2023-05-25;Pro;50;FALSO
TXN00619;CLI0043;2023-06-25;Pro;50;VERDADERO
TXN00620;CLI0043;2023-07-25;Pro;50;VERDADERO
TXN00621;CLI0043;2023-08-25;Pro;50;VERDADERO
TXN00622;CLI0043;2023-09-25;Pro;50;VERDADERO
TXN00623;CLI0043;2023-10-25;Pro;50;VERDADERO
TXN00624;CLI0043;2023-11-25;Pro;50;VERDADERO
TXN00625;CLI0043;2023-12-25;Pro;50;VERDADERO
TXN00626;CLI0043;2024-01-25;Pro;50;VERDADERO
TXN00627;CLI0043;2024-02-25;Pro;50;VERDADERO
TXN00628;CLI0044;2023-06-25;Pro;50;FALSO
TXN00629;CLI0044;2023-07-25;Pro;50;VERDADERO
TXN00630;CLI0044;2023-08-25;Pro;50;VERDADERO
TXN00631;CLI0044;2023-09-25;Pro;50;VERDADERO
TXN00632;CLI0044;2023-10-25;Pro;50;VERDADERO
TXN00633;CLI0044;2023-11-25;Pro;50;VERDADERO
TXN00634;CLI0044;2023-12-25;Pro;50;VERDADERO
TXN00635;CLI0044;2024-01-25;Pro;50;VERDADERO
TXN00636;CLI0044;2024-02-25;Pro;50;VERDADERO
TXN00637;CLI0044;2024-03-25;Pro;50;VERDADERO
TXN00638;CLI0044;2024-04-25;Pro;50;VERDADERO
TXN00639;CLI0044;2024-05-25;Pro;50;VERDADERO
TXN00640;CLI0044;2024-06-25;Pro;50;VERDADERO
TXN00641;CLI0044;2024-07-25;Pro;50;VERDADERO
TXN00642;CLI0044;2024-08-25;Pro;50;VERDADERO
TXN00643;CLI0045;2023-05-06;Pro;50;FALSO
TXN00644;CLI0045;2023-06-06;Pro;50;VERDADERO
TXN00645;CLI0045;2023-07-06;Pro;50;VERDADERO
TXN00646;CLI0045;2023-08-06;Pro;50;VERDADERO
TXN00647;CLI0045;2023-09-06;Pro;50;VERDADERO
TXN00648;CLI0045;2023-10-06;Pro;50;VERDADERO
TXN00649;CLI0045;2023-11-06;Pro;50;VERDADERO
TXN00650;CLI0045;2023-12-06;Pro;50;VERDADERO
TXN00651;CLI0045;2024-01-06;Pro;50;VERDADERO
TXN00652;CLI0045;2024-02-06;Pro;50;VERDADERO
TXN00653;CLI0045;2024-03-06;Pro;50;VERDADERO
TXN00654;CLI0045;2024-04-06;Pro;50;VERDADERO
TXN00655;CLI0045;2024-05-06;Pro;50;VERDADERO
TXN00656;CLI0045;2024-06-06;Pro;50;VERDADERO
TXN00657;CLI0045;2024-07-06;Pro;50;VERDADERO
TXN00658;CLI0045;2024-08-06;Pro;50;VERDADERO
TXN00659;CLI0045;2024-09-06;Pro;50;VERDADERO
TXN00660;CLI0046;2024-02-26;Pro;50;FALSO
TXN00661;CLI0046;2024-03-26;Pro;50;VERDADERO
TXN00662;CLI0046;2024-04-26;Pro;50;VERDADERO
TXN00663;CLI0046;2024-05-26;Pro;50;VERDADERO
TXN00664;CLI0046;2024-06-26;Pro;50;VERDADERO
TXN00665;CLI0046;2024-07-26;Pro;50;VERDADERO
TXN00666;CLI0047;2024-06-11;Basic;30;FALSO
TXN00667;CLI0047;2024-07-11;Basic;30;VERDADERO
TXN00668;CLI0047;2024-08-11;Basic;30;VERDADERO
TXN00669;CLI0047;2024-09-11;Pro;50;VERDADERO
TXN00670;CLI0047;2024-10-11;Pro;50;VERDADERO
TXN00671;CLI0048;2023-01-24;Basic;30;FALSO
TXN00672;CLI0048;2023-02-24;Basic;30;VERDADERO
TXN00673;CLI0048;2023-03-24;Basic;30;VERDADERO
TXN00674;CLI0048;2023-04-24;Basic;30;VERDADERO
TXN00675;CLI0048;2023-05-24;Basic;30;VERDADERO
TXN00676;CLI0048;2023-06-24;Basic;30;VERDADERO
TXN00677;CLI0048;2023-07-24;Basic;30;VERDADERO
TXN00678;CLI0048;2023-08-24;Basic;30;VERDADERO
TXN00679;CLI0048;2023-09-24;Basic;30;VERDADERO
TXN00680;CLI0049;2023-10-12;Pro;50;FALSO
TXN00681;CLI0049;2023-11-12;Pro;50;VERDADERO
TXN00682;CLI0049;2023-12-12;Pro;50;VERDADERO
TXN00683;CLI0049;2024-01-12;Pro;50;VERDADERO
TXN00684;CLI0049;2024-02-12;Pro;50;VERDADERO
TXN00685;CLI0049;2024-03-12;Pro;50;VERDADERO
TXN00686;CLI0049;2024-04-12;Pro;50;VERDADERO
TXN00687;CLI0049;2024-05-12;Pro;50;VERDADERO
TXN00688;CLI0050;2024-01-18;Pro;50;FALSO
TXN00689;CLI0050;2024-02-18;Pro;50;VERDADERO
TXN00690;CLI0050;2024-03-18;Pro;50;VERDADERO
TXN00691;CLI0050;2024-04-18;Pro;50;VERDADERO
TXN00692;CLI0050;2024-05-18;Pro;50;VERDADERO
TXN00693;CLI0050;2024-06-18;Pro;50;VERDADERO
TXN00694;CLI0050;2024-07-18;Pro;50;VERDADERO
TXN00695;CLI0051;2024-05-10;Pro;50;FALSO
TXN00696;CLI0051;2024-06-10;Pro;50;VERDADERO
TXN00697;CLI0051;2024-07-10;Pro;50;VERDADERO
TXN00698;CLI0051;2024-08-10;Pro;50;VERDADERO
TXN00699;CLI0051;2024-09-10;Pro;50;VERDADERO
TXN00700;CLI0052;2024-04-22;Pro;50;FALSO
TXN00701;CLI0052;2024-05-22;Pro;50;VERDADERO
TXN00702;CLI0052;2024-06-22;Pro;50;VERDADERO
TXN00703;CLI0052;2024-07-22;Pro;50;VERDADERO
TXN00704;CLI0052;2024-08-22;Pro;50;VERDADERO
TXN00705;CLI0052;2024-09-22;Pro;50;VERDADERO
TXN00706;CLI0052;2024-10-22;Pro;50;VERDADERO
TXN00707;CLI0053;2023-07-26;Pro;50;FALSO
TXN00708;CLI0053;2023-08-26;Pro;50;VERDADERO
TXN00709;CLI0053;2023-09-26;Pro;50;VERDADERO
TXN00710;CLI0053;2023-10-26;Pro;50;VERDADERO
TXN00711;CLI0053;2023-11-26;Pro;50;VERDADERO
TXN00712;CLI0053;2023-12-26;Pro;50;VERDADERO
TXN00713;CLI0053;2024-01-26;Pro;50;VERDADERO
TXN00714;CLI0053;2024-02-26;Pro;50;VERDADERO
TXN00715;CLI0053;2024-03-26;Pro;50;VERDADERO
TXN00716;CLI0054;2023-08-08;Pro;50;FALSO
TXN00717;CLI0054;2023-09-08;Pro;50;VERDADERO
TXN00718;CLI0054;2023-10-08;Pro;50;VERDADERO
TXN00719;CLI0054;2023-11-08;Pro;50;VERDADERO
TXN00720;CLI0054;2023-12-08;Pro;50;VERDADERO
TXN00721;CLI0054;2024-01-08;Pro;50;VERDADERO
TXN00722;CLI0054;2024-02-08;Pro;50;VERDADERO
TXN00723;CLI0054;2024-03-08;Pro;50;VERDADERO
TXN00724;CLI0054;2024-04-08;Pro;50;VERDADERO
TXN00725;CLI0055;2024-02-04;Basic;30;FALSO
TXN00726;CLI0055;2024-03-04;Basic;30;VERDADERO
TXN00727;CLI0055;2024-04-04;Pro;50;VERDADERO
TXN00728;CLI0055;2024-05-04;Pro;50;VERDADERO
TXN00729;CLI0055;2024-06-04;Pro;50;VERDADERO
TXN00730;CLI0055;2024-07-04;Pro;50;VERDADERO
TXN00731;CLI0055;2024-08-04;Pro;50;VERDADERO
TXN00732;CLI0055;2024-09-04;Pro;50;VERDADERO
TXN00733;CLI0056;2023-09-24;Pro;50;FALSO
TXN00734;CLI0056;2023-10-24;Pro;50;VERDADERO
TXN00735;CLI0056;2023-11-24;Pro;50;VERDADERO
TXN00736;CLI0056;2023-12-24;Pro;50;VERDADERO
TXN00737;CLI0056;2024-01-24;Pro;50;VERDADERO
TXN00738;CLI0056;2024-02-24;Pro;50;VERDADERO
TXN00739;CLI0056;2024-03-24;Pro;50;VERDADERO
TXN00740;CLI0057;2023-02-16;Pro;50;FALSO
TXN00741;CLI0057;2023-03-16;Pro;50;VERDADERO
TXN00742;CLI0057;2023-04-16;Pro;50;VERDADERO
TXN00743;CLI0057;2023-05-16;Pro;50;VERDADERO
TXN00744;CLI0057;2023-06-16;Pro;50;VERDADERO
TXN00745;CLI0057;2023-07-16;Pro;50;VERDADERO
TXN00746;CLI0057;2023-08-16;Pro;50;VERDADERO
TXN00747;CLI0057;2023-09-16;Pro;50;VERDADERO
TXN00748;CLI0058;2024-04-09;Pro;50;FALSO
TXN00749;CLI0058;2024-05-09;Pro;50;VERDADERO
TXN00750;CLI0058;2024-06-09;Pro;50;VERDADERO
TXN00751;CLI0058;2024-07-09;Pro;50;VERDADERO
TXN00752;CLI0058;2024-08-09;Pro;50;VERDADERO
TXN00753;CLI0059;2024-05-22;Basic;30;FALSO
TXN00754;CLI0059;2024-06-22;Basic;30;VERDADERO
TXN00755;CLI0059;2024-07-22;Basic;30;VERDADERO
TXN00756;CLI0059;2024-08-22;Pro;50;VERDADERO
TXN00757;CLI0059;2024-09-22;Pro;50;VERDADERO
TXN00758;CLI0060;2024-04-16;Basic;30;FALSO
TXN00759;CLI0060;2024-05-16;Basic;30;VERDADERO
TXN00760;CLI0060;2024-06-16;Basic;30;VERDADERO
TXN00761;CLI0060;2024-07-16;Basic;30;VERDADERO
TXN00762;CLI0060;2024-08-16;Basic;30;VERDADERO
TXN00763;CLI0060;2024-09-16;Basic;30;VERDADERO
TXN00764;CLI0060;2024-10-16;Basic;30;VERDADERO
TXN00765;CLI0060;2024-11-16;Basic;30;VERDADERO
TXN00766;CLI0060;2024-12-16;Basic;30;VERDADERO
TXN00767;CLI0061;2023-03-30;Pro;50;FALSO
TXN00768;CLI0061;2023-04-30;Pro;50;VERDADERO
TXN00769;CLI0061;2023-05-30;Pro;50;VERDADERO
TXN00770;CLI0061;2023-06-30;Pro;50;VERDADERO
TXN00771;CLI0061;2023-07-30;Pro;50;VERDADERO
TXN00772;CLI0061;2023-08-30;Pro;50;VERDADERO
TXN00773;CLI0062;2023-03-29;Basic;30;FALSO
TXN00774;CLI0062;2023-04-29;Basic;30;VERDADERO
TXN00775;CLI0062;2023-05-29;Basic;30;VERDADERO
TXN00776;CLI0062;2023-06-29;Basic;30;VERDADERO
TXN00777;CLI0062;2023-07-29;Basic;30;VERDADERO
TXN00778;CLI0062;2023-08-29;Basic;30;VERDADERO
TXN00779;CLI0062;2023-09-29;Basic;30;VERDADERO
TXN00780;CLI0062;2023-10-29;Basic;30;VERDADERO
TXN00781;CLI0063;2023-01-06;Basic;30;FALSO
TXN00782;CLI0063;2023-02-06;Basic;30;VERDADERO
TXN00783;CLI0063;2023-03-06;Basic;30;VERDADERO
TXN00784;CLI0063;2023-04-06;Basic;30;VERDADERO
TXN00785;CLI0063;2023-05-06;Basic;30;VERDADERO
TXN00786;CLI0063;2023-06-06;Basic;30;VERDADERO
TXN00787;CLI0063;2023-07-06;Basic;30;VERDADERO
TXN00788;CLI0063;2023-08-06;Basic;30;VERDADERO
TXN00789;CLI0063;2023-09-06;Basic;30;VERDADERO
TXN00790;CLI0064;2023-06-02;Pro;50;FALSO
TXN00791;CLI0064;2023-07-02;Pro;50;VERDADERO
TXN00792;CLI0064;2023-08-02;Pro;50;VERDADERO
TXN00793;CLI0064;2023-09-02;Pro;50;VERDADERO
TXN00794;CLI0064;2023-10-02;Pro;50;VERDADERO
TXN00795;CLI0064;2023-11-02;Pro;50;VERDADERO
TXN00796;CLI0064;2023-12-02;Pro;50;VERDADERO
TXN00797;CLI0064;2024-01-02;Pro;50;VERDADERO
TXN00798;CLI0064;2024-02-02;Pro;50;VERDADERO
TXN00799;CLI0065;2023-11-08;Pro;50;FALSO
TXN00800;CLI0065;2023-12-08;Pro;50;VERDADERO
TXN00801;CLI0065;2024-01-08;Pro;50;VERDADERO
TXN00802;CLI0065;2024-02-08;Pro;50;VERDADERO
TXN00803;CLI0065;2024-03-08;Pro;50;VERDADERO
TXN00804;CLI0065;2024-04-08;Pro;50;VERDADERO
TXN00805;CLI0065;2024-05-08;Pro;50;VERDADERO
TXN00806;CLI0065;2024-06-08;Pro;50;VERDADERO
TXN00807;CLI0065;2024-07-08;Pro;50;VERDADERO
TXN00808;CLI0066;2024-01-07;Pro;50;FALSO
TXN00809;CLI0066;2024-02-07;Pro;50;VERDADERO
TXN00810;CLI0066;2024-03-07;Pro;50;VERDADERO
TXN00811;CLI0066;2024-04-07;Pro;50;VERDADERO
TXN00812;CLI0066;2024-05-07;Pro;50;VERDADERO
TXN00813;CLI0066;2024-06-07;Pro;50;VERDADERO
TXN00814;CLI0066;2024-07-07;Pro;50;VERDADERO
TXN00815;CLI0066;2024-08-07;Pro;50;VERDADERO
TXN00816;CLI0066;2024-09-07;Pro;50;VERDADERO
TXN00817;CLI0067;2023-02-23;Pro;50;FALSO
TXN00818;CLI0067;2023-03-23;Pro;50;VERDADERO
TXN00819;CLI0067;2023-04-23;Pro;50;VERDADERO
TXN00820;CLI0067;2023-05-23;Pro;50;VERDADERO
TXN00821;CLI0067;2023-06-23;Pro;50;VERDADERO
TXN00822;CLI0068;2024-06-03;Pro;50;FALSO
TXN00823;CLI0068;2024-07-03;Pro;50;VERDADERO
TXN00824;CLI0068;2024-08-03;Pro;50;VERDADERO
TXN00825;CLI0068;2024-09-03;Pro;50;VERDADERO
TXN00826;CLI0068;2024-10-03;Pro;50;VERDADERO
TXN00827;CLI0069;2023-09-09;Pro;50;FALSO
TXN00828;CLI0069;2023-10-09;Pro;50;VERDADERO
TXN00829;CLI0069;2023-11-09;Pro;50;VERDADERO
TXN00830;CLI0069;2023-12-09;Pro;50;VERDADERO
TXN00831;CLI0069;2024-01-09;Pro;50;VERDADERO
TXN00832;CLI0069;2024-02-09;Pro;50;VERDADERO
TXN00833;CLI0069;2024-03-09;Pro;50;VERDADERO
TXN00834;CLI0070;2023-12-27;Pro;50;FALSO
TXN00835;CLI0070;2024-01-27;Pro;50;VERDADERO
TXN00836;CLI0070;2024-02-27;Pro;50;VERDADERO
TXN00837;CLI0070;2024-03-27;Pro;50;VERDADERO
TXN00838;CLI0070;2024-04-27;Pro;50;VERDADERO
TXN00839;CLI0070;2024-05-27;Pro;50;VERDADERO
TXN00840;CLI0070;2024-06-27;Pro;50;VERDADERO
TXN00841;CLI0070;2024-07-27;Pro;50;VERDADERO
TXN00842;CLI0070;2024-08-27;Pro;50;VERDADERO
TXN00843;CLI0071;2023-04-22;Basic;30;FALSO
TXN00844;CLI0071;2023-05-22;Basic;30;VERDADERO
TXN00845;CLI0071;2023-06-22;Pro;50;VERDADERO
TXN00846;CLI0071;2023-07-22;Pro;50;VERDADERO
TXN00847;CLI0071;2023-08-22;Pro;50;VERDADERO
TXN00848;CLI0071;2023-09-22;Pro;50;VERDADERO
TXN00849;CLI0071;2023-10-22;Pro;50;VERDADERO
TXN00850;CLI0072;2023-08-11;Pro;50;FALSO
TXN00851;CLI0072;2023-09-11;Pro;50;VERDADERO
TXN00852;CLI0072;2023-10-11;Pro;50;VERDADERO
TXN00853;CLI0072;2023-11-11;Pro;50;VERDADERO
TXN00854;CLI0072;2023-12-11;Pro;50;VERDADERO
TXN00855;CLI0072;2024-01-11;Pro;50;VERDADERO
TXN00856;CLI0072;2024-02-11;Pro;50;VERDADERO
TXN00857;CLI0072;2024-03-11;Pro;50;VERDADERO
TXN00858;CLI0072;2024-04-11;Pro;50;VERDADERO
TXN00859;CLI0073;2023-01-13;Pro;50;FALSO
TXN00860;CLI0073;2023-02-13;Pro;50;VERDADERO
TXN00861;CLI0073;2023-03-13;Pro;50;VERDADERO
TXN00862;CLI0073;2023-04-13;Pro;50;VERDADERO
TXN00863;CLI0073;2023-05-13;Pro;50;VERDADERO
TXN00864;CLI0074;2024-03-30;Pro;50;FALSO
TXN00865;CLI0074;2024-04-30;Pro;50;VERDADERO
TXN00866;CLI0074;2024-05-30;Pro;50;VERDADERO
TXN00867;CLI0074;2024-06-30;Pro;50;VERDADERO
TXN00868;CLI0074;2024-07-30;Pro;50;VERDADERO
TXN00869;CLI0074;2024-08-30;Pro;50;VERDADERO
TXN00870;CLI0074;2024-09-30;Pro;50;VERDADERO
TXN00871;CLI0075;2023-05-20;Pro;50;FALSO
TXN00872;CLI0075;2023-06-20;Pro;50;VERDADERO
TXN00873;CLI0075;2023-07-20;Pro;50;VERDADERO
TXN00874;CLI0075;2023-08-20;Pro;50;VERDADERO
TXN00875;CLI0075;2023-09-20;Pro;50;VERDADERO
TXN00876;CLI0075;2023-10-20;Pro;50;VERDADERO
TXN00877;CLI0076;2023-04-02;Pro;50;FALSO
TXN00878;CLI0076;2023-05-02;Pro;50;VERDADERO
TXN00879;CLI0076;2023-06-02;Pro;50;VERDADERO
TXN00880;CLI0076;2023-07-02;Pro;50;VERDADERO
TXN00881;CLI0076;2023-08-02;Pro;50;VERDADERO
TXN00882;CLI0076;2023-09-02;Pro;50;VERDADERO
TXN00883;CLI0076;2023-10-02;Pro;50;VERDADERO
TXN00884;CLI0077;2024-02-16;Basic;30;FALSO
TXN00885;CLI0077;2024-03-16;Basic;30;VERDADERO
TXN00886;CLI0077;2024-04-16;Pro;50;VERDADERO
TXN00887;CLI0077;2024-05-16;Pro;50;VERDADERO
TXN00888;CLI0077;2024-06-16;Pro;50;VERDADERO
TXN00889;CLI0077;2024-07-16;Pro;50;VERDADERO
TXN00890;CLI0078;2024-05-18;Basic;30;FALSO
TXN00891;CLI0078;2024-06-18;Basic;30;VERDADERO
TXN00892;CLI0078;2024-07-18;Basic;30;VERDADERO
TXN00893;CLI0078;2024-08-18;Basic;30;VERDADERO
TXN00894;CLI0078;2024-09-18;Basic;30;VERDADERO
TXN00895;CLI0078;2024-10-18;Basic;30;VERDADERO
TXN00896;CLI0079;2023-03-02;Pro;50;FALSO
TXN00897;CLI0079;2023-04-02;Pro;50;VERDADERO
TXN00898;CLI0079;2023-05-02;Pro;50;VERDADERO
TXN00899;CLI0079;2023-06-02;Pro;50;VERDADERO
TXN00900;CLI0079;2023-07-02;Pro;50;VERDADERO
TXN00901;CLI0079;2023-08-02;Pro;50;VERDADERO
TXN00902;CLI0080;2023-04-02;Basic;30;FALSO
TXN00903;CLI0080;2023-05-02;Basic;30;VERDADERO
TXN00904;CLI0080;2023-06-02;Basic;30;VERDADERO
TXN00905;CLI0080;2023-07-02;Pro;50;VERDADERO
TXN00906;CLI0080;2023-08-02;Pro;50;VERDADERO
TXN00907;CLI0080;2023-09-02;Pro;50;VERDADERO
TXN00908;CLI0080;2023-10-02;Pro;50;VERDADERO
TXN00909;CLI0080;2023-11-02;Pro;50;VERDADERO
TXN00910;CLI0081;2024-02-14;Basic;30;FALSO
TXN00911;CLI0081;2024-03-14;Basic;30;VERDADERO
TXN00912;CLI0081;2024-04-14;Basic;30;VERDADERO
TXN00913;CLI0081;2024-05-14;Basic;30;VERDADERO
TXN00914;CLI0081;2024-06-14;Basic;30;VERDADERO
TXN00915;CLI0081;2024-07-14;Basic;30;VERDADERO
TXN00916;CLI0081;2024-08-14;Basic;30;VERDADERO
TXN00917;CLI0081;2024-09-14;Basic;30;VERDADERO
TXN00918;CLI0082;2023-11-09;Pro;50;FALSO
TXN00919;CLI0082;2023-12-09;Pro;50;VERDADERO
TXN00920;CLI0082;2024-01-09;Pro;50;VERDADERO
TXN00921;CLI0082;2024-02-09;Pro;50;VERDADERO
TXN00922;CLI0082;2024-03-09;Pro;50;VERDADERO
TXN00923;CLI0083;2023-10-28;Pro;50;FALSO
TXN00924;CLI0083;2023-11-28;Pro;50;VERDADERO
TXN00925;CLI0083;2023-12-28;Pro;50;VERDADERO
TXN00926;CLI0083;2024-01-28;Pro;50;VERDADERO
TXN00927;CLI0083;2024-02-28;Pro;50;VERDADERO
TXN00928;CLI0083;2024-03-28;Pro;50;VERDADERO
TXN00929;CLI0083;2024-04-28;Pro;50;VERDADERO
TXN00930;CLI0083;2024-05-28;Pro;50;VERDADERO
TXN00931;CLI0083;2024-06-28;Pro;50;VERDADERO
TXN00932;CLI0084;2023-04-16;Pro;50;FALSO
TXN00933;CLI0084;2023-05-16;Pro;50;VERDADERO
TXN00934;CLI0084;2023-06-16;Pro;50;VERDADERO
TXN00935;CLI0084;2023-07-16;Pro;50;VERDADERO
TXN00936;CLI0084;2023-08-16;Pro;50;VERDADERO
TXN00937;CLI0084;2023-09-16;Pro;50;VERDADERO
TXN00938;CLI0085;2023-05-04;Basic;30;FALSO
TXN00939;CLI0085;2023-06-04;Basic;30;VERDADERO
TXN00940;CLI0085;2023-07-04;Basic;30;VERDADERO
TXN00941;CLI0085;2023-08-04;Pro;50;VERDADERO
TXN00942;CLI0085;2023-09-04;Pro;50;VERDADERO
TXN00943;CLI0085;2023-10-04;Pro;50;VERDADERO
TXN00944;CLI0086;2023-09-01;Basic;30;FALSO
TXN00945;CLI0086;2023-10-01;Basic;30;VERDADERO
TXN00946;CLI0086;2023-11-01;Basic;30;VERDADERO
TXN00947;CLI0086;2023-12-01;Basic;30;VERDADERO
TXN00948;CLI0086;2024-01-01;Basic;30;VERDADERO
TXN00949;CLI0086;2024-02-01;Basic;30;VERDADERO
TXN00950;CLI0086;2024-03-01;Basic;30;VERDADERO
TXN00951;CLI0087;2024-01-22;Pro;50;FALSO
TXN00952;CLI0087;2024-02-22;Pro;50;VERDADERO
TXN00953;CLI0087;2024-03-22;Pro;50;VERDADERO
TXN00954;CLI0087;2024-04-22;Pro;50;VERDADERO
TXN00955;CLI0087;2024-05-22;Pro;50;VERDADERO
TXN00956;CLI0088;2023-12-08;Basic;30;FALSO
TXN00957;CLI0088;2024-01-08;Basic;30;VERDADERO
TXN00958;CLI0088;2024-02-08;Basic;30;VERDADERO
TXN00959;CLI0088;2024-03-08;Basic;30;VERDADERO
TXN00960;CLI0088;2024-04-08;Basic;30;VERDADERO
TXN00961;CLI0089;2024-06-23;Basic;30;FALSO
TXN00962;CLI0089;2024-07-23;Basic;30;VERDADERO
TXN00963;CLI0089;2024-08-23;Basic;30;VERDADERO
TXN00964;CLI0089;2024-09-23;Basic;30;VERDADERO
TXN00965;CLI0089;2024-10-23;Basic;30;VERDADERO
TXN00966;CLI0089;2024-11-23;Basic;30;VERDADERO
TXN00967;CLI0090;2023-10-06;Pro;50;FALSO
TXN00968;CLI0090;2023-11-06;Pro;50;VERDADERO
TXN00969;CLI0090;2023-12-06;Pro;50;VERDADERO
TXN00970;CLI0090;2024-01-06;Pro;50;VERDADERO
TXN00971;CLI0090;2024-02-06;Pro;50;VERDADERO
TXN00972;CLI0090;2024-03-06;Pro;50;VERDADERO
TXN00973;CLI0091;2023-06-15;Pro;50;FALSO
TXN00974;CLI0091;2023-07-15;Pro;50;VERDADERO
TXN00975;CLI0091;2023-08-15;Pro;50;VERDADERO
TXN00976;CLI0091;2023-09-15;Pro;50;VERDADERO
TXN00977;CLI0091;2023-10-15;Pro;50;VERDADERO
TXN00978;CLI0092;2024-02-15;Basic;30;FALSO
TXN00979;CLI0092;2024-03-15;Basic;30;VERDADERO
TXN00980;CLI0092;2024-04-15;Basic;30;VERDADERO
TXN00981;CLI0092;2024-05-15;Basic;30;VERDADERO
TXN00982;CLI0092;2024-06-15;Basic;30;VERDADERO
TXN00983;CLI0092;2024-07-15;Basic;30;VERDADERO
TXN00984;CLI0093;2023-06-30;Pro;50;FALSO
TXN00985;CLI0093;2023-07-30;Pro;50;VERDADERO
TXN00986;CLI0093;2023-08-30;Pro;50;VERDADERO
TXN00987;CLI0093;2023-09-30;Pro;50;VERDADERO
TXN00988;CLI0093;2023-10-30;Pro;50;VERDADERO
TXN00989;CLI0093;2023-11-30;Pro;50;VERDADERO
TXN00990;CLI0093;2023-12-30;Pro;50;VERDADERO
TXN00991;CLI0093;2024-01-30;Pro;50;VERDADERO
TXN00992;CLI0094;2023-04-12;Basic;30;FALSO
TXN00993;CLI0094;2023-05-12;Basic;30;VERDADERO
TXN00994;CLI0094;2023-06-12;Pro;50;VERDADERO
TXN00995;CLI0094;2023-07-12;Pro;50;VERDADERO
TXN00996;CLI0094;2023-08-12;Pro;50;VERDADERO
TXN00997;CLI0095;2024-06-13;Pro;50;FALSO
TXN00998;CLI0095;2024-07-13;Pro;50;VERDADERO
TXN00999;CLI0095;2024-08-13;Pro;50;VERDADERO
TXN01000;CLI0095;2024-09-13;Pro;50;VERDADERO
TXN01001;CLI0095;2024-10-13;Pro;50;VERDADERO
TXN01002;CLI0095;2024-11-13;Pro;50;VERDADERO
TXN01003;CLI0096;2023-01-11;Basic;30;FALSO
TXN01004;CLI0096;2023-02-11;Basic;30;VERDADERO
TXN01005;CLI0096;2023-03-11;Basic;30;VERDADERO
TXN01006;CLI0096;2023-04-11;Basic;30;VERDADERO
TXN01007;CLI0096;2023-05-11;Basic;30;VERDADERO
TXN01008;CLI0096;2023-06-11;Basic;30;VERDADERO
TXN01009;CLI0096;2023-07-11;Basic;30;VERDADERO
TXN01010;CLI0096;2023-08-11;Basic;30;VERDADERO
TXN01011;CLI0096;2023-09-11;Basic;30;VERDADERO
TXN01012;CLI0097;2023-03-18;Basic;30;FALSO
TXN01013;CLI0097;2023-04-18;Basic;30;VERDADERO
TXN01014;CLI0097;2023-05-18;Basic;30;VERDADERO
TXN01015;CLI0097;2023-06-18;Basic;30;VERDADERO
TXN01016;CLI0097;2023-07-18;Basic;30;VERDADERO
TXN01017;CLI0097;2023-08-18;Basic;30;VERDADERO
TXN01018;CLI0097;2023-09-18;Basic;30;VERDADERO
TXN01019;CLI0097;2023-10-18;Basic;30;VERDADERO
TXN01020;CLI0098;2024-05-09;Pro;50;FALSO
TXN01021;CLI0098;2024-06-09;Pro;50;VERDADERO
TXN01022;CLI0098;2024-07-09;Pro;50;VERDADERO
TXN01023;CLI0098;2024-08-09;Pro;50;VERDADERO
TXN01024;CLI0098;2024-09-09;Pro;50;VERDADERO
TXN01025;CLI0098;2024-10-09;Pro;50;VERDADERO
TXN01026;CLI0098;2024-11-09;Pro;50;VERDADERO
TXN01027;CLI0099;2023-04-24;Pro;50;FALSO
TXN01028;CLI0099;2023-05-24;Pro;50;VERDADERO
TXN01029;CLI0099;2023-06-24;Pro;50;VERDADERO
TXN01030;CLI0099;2023-07-24;Pro;50;VERDADERO
TXN01031;CLI0099;2023-08-24;Pro;50;VERDADERO
TXN01032;CLI0100;2023-01-18;Basic;30;FALSO
TXN01033;CLI0100;2023-02-18;Basic;30;VERDADERO
TXN01034;CLI0100;2023-03-18;Basic;30;VERDADERO
TXN01035;CLI0100;2023-04-18;Basic;30;VERDADERO
TXN01036;CLI0100;2023-05-18;Basic;30;VERDADERO
TXN01037;CLI0100;2023-06-18;Basic;30;VERDADERO
TXN01038;CLI0101;2024-05-25;Pro;50;FALSO
TXN01039;CLI0101;2024-06-25;Pro;50;VERDADERO
TXN01040;CLI0101;2024-07-25;Pro;50;VERDADERO
TXN01041;CLI0101;2024-08-25;Pro;50;VERDADERO
TXN01042;CLI0101;2024-09-25;Pro;50;VERDADERO
TXN01043;CLI0101;2024-10-25;Pro;50;VERDADERO
TXN01044;CLI0102;2024-03-28;Pro;50;FALSO
TXN01045;CLI0102;2024-04-28;Pro;50;VERDADERO
TXN01046;CLI0102;2024-05-28;Pro;50;VERDADERO
TXN01047;CLI0102;2024-06-28;Pro;50;VERDADERO
TXN01048;CLI0102;2024-07-28;Pro;50;VERDADERO
TXN01049;CLI0102;2024-08-28;Pro;50;VERDADERO
TXN01050;CLI0102;2024-09-28;Pro;50;VERDADERO
TXN01051;CLI0103;2023-05-07;Basic;30;FALSO
TXN01052;CLI0103;2023-06-07;Basic;30;VERDADERO
TXN01053;CLI0103;2023-07-07;Pro;50;VERDADERO
TXN01054;CLI0103;2023-08-07;Pro;50;VERDADERO
TXN01055;CLI0103;2023-09-07;Pro;50;VERDADERO
TXN01056;CLI0103;2023-10-07;Pro;50;VERDADERO
TXN01057;CLI0104;2023-11-28;Pro;50;FALSO
TXN01058;CLI0104;2023-12-28;Pro;50;VERDADERO
TXN01059;CLI0104;2024-01-28;Pro;50;VERDADERO
TXN01060;CLI0104;2024-02-28;Pro;50;VERDADERO
TXN01061;CLI0104;2024-03-28;Pro;50;VERDADERO
TXN01062;CLI0104;2024-04-28;Pro;50;VERDADERO
TXN01063;CLI0104;2024-05-28;Pro;50;VERDADERO
TXN01064;CLI0104;2024-06-28;Pro;50;VERDADERO
TXN01065;CLI0104;2024-07-28;Pro;50;VERDADERO
TXN01066;CLI0105;2023-09-05;Basic;30;FALSO
TXN01067;CLI0105;2023-10-05;Basic;30;VERDADERO
TXN01068;CLI0105;2023-11-05;Basic;30;VERDADERO
TXN01069;CLI0105;2023-12-05;Basic;30;VERDADERO
TXN01070;CLI0105;2024-01-05;Basic;30;VERDADERO
TXN01071;CLI0105;2024-02-05;Basic;30;VERDADERO
TXN01072;CLI0105;2024-03-05;Basic;30;VERDADERO
TXN01073;CLI0105;2024-04-05;Basic;30;VERDADERO
TXN01074;CLI0105;2024-05-05;Basic;30;VERDADERO
TXN01075;CLI0106;2023-08-14;Pro;50;FALSO
TXN01076;CLI0106;2023-09-14;Pro;50;VERDADERO
TXN01077;CLI0106;2023-10-14;Pro;50;VERDADERO
TXN01078;CLI0106;2023-11-14;Pro;50;VERDADERO
TXN01079;CLI0106;2023-12-14;Pro;50;VERDADERO
TXN01080;CLI0106;2024-01-14;Pro;50;VERDADERO
TXN01081;CLI0106;2024-02-14;Pro;50;VERDADERO
TXN01082;CLI0107;2024-04-23;Basic;30;FALSO
TXN01083;CLI0107;2024-05-23;Basic;30;VERDADERO
TXN01084;CLI0107;2024-06-23;Basic;30;VERDADERO
TXN01085;CLI0107;2024-07-23;Basic;30;VERDADERO
TXN01086;CLI0107;2024-08-23;Basic;30;VERDADERO
TXN01087;CLI0107;2024-09-23;Basic;30;VERDADERO
TXN01088;CLI0108;2024-06-03;Pro;50;FALSO
TXN01089;CLI0108;2024-07-03;Pro;50;VERDADERO
TXN01090;CLI0108;2024-08-03;Pro;50;VERDADERO
TXN01091;CLI0108;2024-09-03;Pro;50;VERDADERO
TXN01092;CLI0108;2024-10-03;Pro;50;VERDADERO
TXN01093;CLI0108;2024-11-03;Pro;50;VERDADERO
TXN01094;CLI0109;2024-01-06;Pro;50;FALSO
TXN01095;CLI0109;2024-02-06;Pro;50;VERDADERO
TXN01096;CLI0109;2024-03-06;Pro;50;VERDADERO
TXN01097;CLI0109;2024-04-06;Pro;50;VERDADERO
TXN01098;CLI0109;2024-05-06;Pro;50;VERDADERO
TXN01099;CLI0110;2023-02-16;Basic;30;FALSO
TXN01100;CLI0110;2023-03-16;Basic;30;VERDADERO
TXN01101;CLI0110;2023-04-16;Basic;30;VERDADERO
TXN01102;CLI0110;2023-05-16;Basic;30;VERDADERO
TXN01103;CLI0110;2023-06-16;Basic;30;VERDADERO
TXN01104;CLI0110;2023-07-16;Basic;30;VERDADERO
TXN01105;CLI0110;2023-08-16;Basic;30;VERDADERO
TXN01106;CLI0110;2023-09-16;Basic;30;VERDADERO
TXN01107;CLI0111;2023-08-16;Pro;50;FALSO
TXN01108;CLI0111;2023-09-16;Pro;50;VERDADERO
TXN01109;CLI0111;2023-10-16;Pro;50;VERDADERO
TXN01110;CLI0111;2023-11-16;Pro;50;VERDADERO
TXN01111;CLI0111;2023-12-16;Pro;50;VERDADERO
TXN01112;CLI0111;2024-01-16;Pro;50;VERDADERO
TXN01113;CLI0111;2024-02-16;Pro;50;VERDADERO
TXN01114;CLI0111;2024-03-16;Pro;50;VERDADERO
TXN01115;CLI0111;2024-04-16;Pro;50;VERDADERO
TXN01116;CLI0112;2023-08-15;Pro;50;FALSO
TXN01117;CLI0112;2023-09-15;Pro;50;VERDADERO
TXN01118;CLI0112;2023-10-15;Pro;50;VERDADERO
TXN01119;CLI0112;2023-11-15;Pro;50;VERDADERO
TXN01120;CLI0112;2023-12-15;Pro;50;VERDADERO
TXN01121;CLI0112;2024-01-15;Pro;50;VERDADERO
TXN01122;CLI0113;2024-06-08;Pro;50;FALSO
TXN01123;CLI0113;2024-07-08;Pro;50;VERDADERO
TXN01124;CLI0113;2024-08-08;Pro;50;VERDADERO
TXN01125;CLI0113;2024-09-08;Pro;50;VERDADERO
TXN01126;CLI0113;2024-10-08;Pro;50;VERDADERO
TXN01127;CLI0113;2024-11-08;Pro;50;VERDADERO
TXN01128;CLI0113;2024-12-08;Pro;50;VERDADERO
TXN01129;CLI0114;2023-02-09;Pro;50;FALSO
TXN01130;CLI0114;2023-03-09;Pro;50;VERDADERO
TXN01131;CLI0114;2023-04-09;Pro;50;VERDADERO
TXN01132;CLI0114;2023-05-09;Pro;50;VERDADERO
TXN01133;CLI0114;2023-06-09;Pro;50;VERDADERO
TXN01134;CLI0114;2023-07-09;Pro;50;VERDADERO
TXN01135;CLI0114;2023-08-09;Pro;50;VERDADERO
TXN01136;CLI0114;2023-09-09;Pro;50;VERDADERO
TXN01137;CLI0114;2023-10-09;Pro;50;VERDADERO
TXN01138;CLI0115;2024-03-11;Pro;50;FALSO
TXN01139;CLI0115;2024-04-11;Pro;50;VERDADERO
TXN01140;CLI0115;2024-05-11;Pro;50;VERDADERO
TXN01141;CLI0115;2024-06-11;Pro;50;VERDADERO
TXN01142;CLI0115;2024-07-11;Pro;50;VERDADERO
TXN01143;CLI0115;2024-08-11;Pro;50;VERDADERO
TXN01144;CLI0115;2024-09-11;Pro;50;VERDADERO
TXN01145;CLI0115;2024-10-11;Pro;50;VERDADERO
TXN01146;CLI0115;2024-11-11;Pro;50;VERDADERO
TXN01147;CLI0116;2023-09-30;Pro;50;FALSO
TXN01148;CLI0116;2023-10-30;Pro;50;VERDADERO
TXN01149;CLI0116;2023-11-30;Pro;50;VERDADERO
TXN01150;CLI0117;2023-12-28;Pro;50;FALSO
TXN01151;CLI0117;2024-01-28;Pro;50;VERDADERO
TXN01152;CLI0117;2024-02-28;Pro;50;VERDADERO
TXN01153;CLI0118;2023-12-22;Pro;50;FALSO
TXN01154;CLI0118;2024-01-22;Pro;50;VERDADERO
TXN01155;CLI0118;2024-02-22;Pro;50;VERDADERO
TXN01156;CLI0118;2024-03-22;Pro;50;VERDADERO
TXN01157;CLI0118;2024-04-22;Pro;50;VERDADERO
TXN01158;CLI0118;2024-05-22;Pro;50;VERDADERO
TXN01159;CLI0119;2023-09-22;Pro;50;FALSO
TXN01160;CLI0119;2023-10-22;Pro;50;VERDADERO
TXN01161;CLI0119;2023-11-22;Pro;50;VERDADERO
TXN01162;CLI0119;2023-12-22;Pro;50;VERDADERO
TXN01163;CLI0120;2023-12-10;Pro;50;FALSO
TXN01164;CLI0120;2024-01-10;Pro;50;VERDADERO
TXN01165;CLI0120;2024-02-10;Pro;50;VERDADERO
TXN01166;CLI0120;2024-03-10;Pro;50;VERDADERO
TXN01167;CLI0120;2024-04-10;Pro;50;VERDADERO
TXN01168;CLI0121;2023-07-24;Pro;50;FALSO
TXN01169;CLI0121;2023-08-24;Pro;50;VERDADERO
TXN01170;CLI0121;2023-09-24;Pro;50;VERDADERO
TXN01171;CLI0121;2023-10-24;Pro;50;VERDADERO
TXN01172;CLI0121;2023-11-24;Pro;50;VERDADERO
TXN01173;CLI0121;2023-12-24;Pro;50;VERDADERO
TXN01174;CLI0122;2023-12-03;Pro;50;FALSO
TXN01175;CLI0122;2024-01-03;Pro;50;VERDADERO
TXN01176;CLI0122;2024-02-03;Pro;50;VERDADERO
TXN01177;CLI0122;2024-03-03;Pro;50;VERDADERO
TXN01178;CLI0122;2024-04-03;Pro;50;VERDADERO
TXN01179;CLI0123;2023-07-12;Pro;50;FALSO
TXN01180;CLI0123;2023-08-12;Pro;50;VERDADERO
TXN01181;CLI0123;2023-09-12;Pro;50;VERDADERO
TXN01182;CLI0123;2023-10-12;Pro;50;VERDADERO
TXN01183;CLI0124;2023-03-07;Pro;50;FALSO
TXN01184;CLI0124;2023-04-07;Pro;50;VERDADERO
TXN01185;CLI0124;2023-05-07;Pro;50;VERDADERO
TXN01186;CLI0124;2023-06-07;Pro;50;VERDADERO
TXN01187;CLI0124;2023-07-07;Pro;50;VERDADERO
TXN01188;CLI0125;2024-03-19;Pro;50;FALSO
TXN01189;CLI0125;2024-04-19;Pro;50;VERDADERO
TXN01190;CLI0125;2024-05-19;Pro;50;VERDADERO
TXN01191;CLI0125;2024-06-19;Pro;50;VERDADERO
TXN01192;CLI0125;2024-07-19;Pro;50;VERDADERO
TXN01193;CLI0126;2023-10-28;Pro;50;FALSO
TXN01194;CLI0126;2023-11-28;Pro;50;VERDADERO
TXN01195;CLI0126;2023-12-28;Pro;50;VERDADERO
TXN01196;CLI0126;2024-01-28;Pro;50;VERDADERO
TXN01197;CLI0127;2024-03-01;Pro;50;FALSO
TXN01198;CLI0127;2024-04-01;Pro;50;VERDADERO
TXN01199;CLI0127;2024-05-01;Pro;50;VERDADERO
TXN01200;CLI0127;2024-06-01;Pro;50;VERDADERO
TXN01201;CLI0127;2024-07-01;Pro;50;VERDADERO
TXN01202;CLI0127;2024-08-01;Pro;50;VERDADERO
TXN01203;CLI0128;2024-03-04;Pro;50;FALSO
TXN01204;CLI0128;2024-04-04;Pro;50;VERDADERO
TXN01205;CLI0128;2024-05-04;Pro;50;VERDADERO
TXN01206;CLI0128;2024-06-04;Pro;50;VERDADERO
TXN01207;CLI0128;2024-07-04;Pro;50;VERDADERO
TXN01208;CLI0128;2024-08-04;Pro;50;VERDADERO
TXN01209;CLI0129;2023-11-23;Pro;50;FALSO
TXN01210;CLI0129;2023-12-23;Pro;50;VERDADERO
TXN01211;CLI0129;2024-01-23;Pro;50;VERDADERO
TXN01212;CLI0129;2024-02-23;Pro;50;VERDADERO
TXN01213;CLI0130;2023-08-01;Pro;50;FALSO
TXN01214;CLI0130;2023-09-01;Pro;50;VERDADERO
TXN01215;CLI0130;2023-10-01;Pro;50;VERDADERO
TXN01216;CLI0130;2023-11-01;Pro;50;VERDADERO
TXN01217;CLI0131;2023-11-20;Pro;50;FALSO
TXN01218;CLI0131;2023-12-20;Pro;50;VERDADERO
TXN01219;CLI0131;2024-01-20;Pro;50;VERDADERO
TXN01220;CLI0131;2024-02-20;Pro;50;VERDADERO
TXN01221;CLI0131;2024-03-20;Pro;50;VERDADERO
TXN01222;CLI0131;2024-04-20;Pro;50;VERDADERO
TXN01223;CLI0132;2023-09-06;Pro;50;FALSO
TXN01224;CLI0132;2023-10-06;Pro;50;VERDADERO
TXN01225;CLI0132;2023-11-06;Pro;50;VERDADERO
TXN01226;CLI0132;2023-12-06;Pro;50;VERDADERO
TXN01227;CLI0132;2024-01-06;Pro;50;VERDADERO
TXN01228;CLI0133;2023-08-15;Pro;50;FALSO
TXN01229;CLI0133;2023-09-15;Pro;50;VERDADERO
TXN01230;CLI0133;2023-10-15;Pro;50;VERDADERO
TXN01231;CLI0133;2023-11-15;Pro;50;VERDADERO
TXN01232;CLI0133;2023-12-15;Pro;50;VERDADERO
TXN01233;CLI0133;2024-01-15;Pro;50;VERDADERO
TXN01234;CLI0134;2023-08-09;Pro;50;FALSO
TXN01235;CLI0134;2023-09-09;Pro;50;VERDADERO
TXN01236;CLI0134;2023-10-09;Pro;50;VERDADERO
TXN01237;CLI0134;2023-11-09;Pro;50;VERDADERO
TXN01238;CLI0135;2023-03-04;Pro;50;FALSO
TXN01239;CLI0135;2023-04-04;Pro;50;VERDADERO
TXN01240;CLI0135;2023-05-04;Pro;50;VERDADERO
TXN01241;CLI0135;2023-06-04;Pro;50;VERDADERO
TXN01242;CLI0135;2023-07-04;Pro;50;VERDADERO
TXN01243;CLI0135;2023-08-04;Pro;50;VERDADERO
TXN01244;CLI0136;2024-03-04;Pro;50;FALSO
TXN01245;CLI0136;2024-04-04;Pro;50;VERDADERO
TXN01246;CLI0136;2024-05-04;Pro;50;VERDADERO
TXN01247;CLI0136;2024-06-04;Pro;50;VERDADERO
TXN01248;CLI0137;2024-02-01;Pro;50;FALSO
TXN01249;CLI0137;2024-03-01;Pro;50;VERDADERO
TXN01250;CLI0137;2024-04-01;Pro;50;VERDADERO
TXN01251;CLI0137;2024-05-01;Pro;50;VERDADERO
TXN01252;CLI0137;2024-06-01;Pro;50;VERDADERO
TXN01253;CLI0137;2024-07-01;Pro;50;VERDADERO
TXN01254;CLI0138;2023-08-05;Pro;50;FALSO
TXN01255;CLI0138;2023-09-05;Pro;50;VERDADERO
TXN01256;CLI0138;2023-10-05;Pro;50;VERDADERO
TXN01257;CLI0139;2023-07-30;Pro;50;FALSO
TXN01258;CLI0139;2023-08-30;Pro;50;VERDADERO
TXN01259;CLI0139;2023-09-30;Pro;50;VERDADERO
TXN01260;CLI0139;2023-10-30;Pro;50;VERDADERO
TXN01261;CLI0139;2023-11-30;Pro;50;VERDADERO
TXN01262;CLI0139;2023-12-30;Pro;50;VERDADERO
TXN01263;CLI0140;2023-06-24;Pro;50;FALSO
TXN01264;CLI0140;2023-07-24;Pro;50;VERDADERO
TXN01265;CLI0140;2023-08-24;Pro;50;VERDADERO
TXN01266;CLI0141;2023-11-21;Pro;50;FALSO
TXN01267;CLI0141;2023-12-21;Pro;50;VERDADERO
TXN01268;CLI0141;2024-01-21;Pro;50;VERDADERO
TXN01269;CLI0141;2024-02-21;Pro;50;VERDADERO
TXN01270;CLI0141;2024-03-21;Pro;50;VERDADERO
TXN01271;CLI0141;2024-04-21;Pro;50;VERDADERO
TXN01272;CLI0142;2023-11-10;Pro;50;FALSO
TXN01273;CLI0142;2023-12-10;Pro;50;VERDADERO
TXN01274;CLI0142;2024-01-10;Pro;50;VERDADERO
TXN01275;CLI0142;2024-02-10;Pro;50;VERDADERO
TXN01276;CLI0142;2024-03-10;Pro;50;VERDADERO
TXN01277;CLI0142;2024-04-10;Pro;50;VERDADERO
TXN01278;CLI0143;2023-09-29;Pro;50;FALSO
TXN01279;CLI0143;2023-10-29;Pro;50;VERDADERO
TXN01280;CLI0143;2023-11-29;Pro;50;VERDADERO
TXN01281;CLI0143;2023-12-29;Pro;50;VERDADERO
TXN01282;CLI0144;2023-03-12;Pro;50;FALSO
TXN01283;CLI0144;2023-04-12;Pro;50;VERDADERO
TXN01284;CLI0144;2023-05-12;Pro;50;VERDADERO
TXN01285;CLI0145;2023-05-01;Pro;50;FALSO
TXN01286;CLI0145;2023-06-01;Pro;50;VERDADERO
TXN01287;CLI0145;2023-07-01;Pro;50;VERDADERO
TXN01288;CLI0146;2023-04-16;Pro;50;FALSO
TXN01289;CLI0146;2023-05-16;Pro;50;VERDADERO
TXN01290;CLI0146;2023-06-16;Pro;50;VERDADERO
TXN01291;CLI0146;2023-07-16;Pro;50;VERDADERO
TXN01292;CLI0146;2023-08-16;Pro;50;VERDADERO
TXN01293;CLI0146;2023-09-16;Pro;50;VERDADERO
TXN01294;CLI0147;2024-02-06;Pro;50;FALSO
TXN01295;CLI0147;2024-03-06;Pro;50;VERDADERO
TXN01296;CLI0147;2024-04-06;Pro;50;VERDADERO
TXN01297;CLI0147;2024-05-06;Pro;50;VERDADERO
TXN01298;CLI0147;2024-06-06;Pro;50;VERDADERO
TXN01299;CLI0148;2023-03-25;Pro;50;FALSO
TXN01300;CLI0148;2023-04-25;Pro;50;VERDADERO
TXN01301;CLI0148;2023-05-25;Pro;50;VERDADERO
TXN01302;CLI0149;2023-08-17;Pro;50;FALSO
TXN01303;CLI0149;2023-09-17;Pro;50;VERDADERO
TXN01304;CLI0149;2023-10-17;Pro;50;VERDADERO
TXN01305;CLI0149;2023-11-17;Pro;50;VERDADERO
TXN01306;CLI0149;2023-12-17;Pro;50;VERDADERO
TXN01307;CLI0149;2024-01-17;Pro;50;VERDADERO
TXN01308;CLI0150;2023-03-20;Pro;50;FALSO
TXN01309;CLI0150;2023-04-20;Pro;50;VERDADERO
TXN01310;CLI0150;2023-05-20;Pro;50;VERDADERO
TXN01311;CLI0150;2023-06-20;Pro;50;VERDADERO
TXN01312;CLI0151;2023-11-26;Pro;50;FALSO
TXN01313;CLI0151;2023-12-26;Pro;50;VERDADERO
TXN01314;CLI0151;2024-01-26;Pro;50;VERDADERO
TXN01315;CLI0151;2024-02-26;Pro;50;VERDADERO
TXN01316;CLI0152;2023-10-19;Pro;50;FALSO
TXN01317;CLI0152;2023-11-19;Pro;50;VERDADERO
TXN01318;CLI0152;2023-12-19;Pro;50;VERDADERO
TXN01319;CLI0152;2024-01-19;Pro;50;VERDADERO
TXN01320;CLI0153;2024-03-26;Pro;50;FALSO
TXN01321;CLI0153;2024-04-26;Pro;50;VERDADERO
TXN01322;CLI0153;2024-05-26;Pro;50;VERDADERO
TXN01323;CLI0153;2024-06-26;Pro;50;VERDADERO
TXN01324;CLI0153;2024-07-26;Pro;50;VERDADERO
TXN01325;CLI0154;2023-04-03;Pro;50;FALSO
TXN01326;CLI0154;2023-05-03;Pro;50;VERDADERO
TXN01327;CLI0154;2023-06-03;Pro;50;VERDADERO
TXN01328;CLI0154;2023-07-03;Pro;50;VERDADERO
TXN01329;CLI0154;2023-08-03;Pro;50;VERDADERO
TXN01330;CLI0155;2023-08-12;Pro;50;FALSO
TXN01331;CLI0155;2023-09-12;Pro;50;VERDADERO
TXN01332;CLI0155;2023-10-12;Pro;50;VERDADERO
TXN01333;CLI0156;2023-03-06;Pro;50;FALSO
TXN01334;CLI0156;2023-04-06;Pro;50;VERDADERO
TXN01335;CLI0156;2023-05-06;Pro;50;VERDADERO
TXN01336;CLI0157;2024-03-25;Pro;50;FALSO
TXN01337;CLI0157;2024-04-25;Pro;50;VERDADERO
TXN01338;CLI0157;2024-05-25;Pro;50;VERDADERO
TXN01339;CLI0158;2024-03-02;Pro;50;FALSO
TXN01340;CLI0158;2024-04-02;Pro;50;VERDADERO
TXN01341;CLI0158;2024-05-02;Pro;50;VERDADERO
TXN01342;CLI0158;2024-06-02;Pro;50;VERDADERO
TXN01343;CLI0158;2024-07-02;Pro;50;VERDADERO
TXN01344;CLI0159;2023-03-31;Pro;50;FALSO
TXN01345;CLI0159;2023-04-30;Pro;50;VERDADERO
TXN01346;CLI0159;2023-05-31;Pro;50;VERDADERO
TXN01347;CLI0159;2023-06-30;Pro;50;VERDADERO
TXN01348;CLI0159;2023-07-31;Pro;50;VERDADERO
TXN01349;CLI0159;2023-08-31;Pro;50;VERDADERO
TXN01350;CLI0160;2023-06-10;Pro;50;FALSO
TXN01351;CLI0160;2023-07-10;Pro;50;VERDADERO
TXN01352;CLI0160;2023-08-10;Pro;50;VERDADERO
TXN01353;CLI0160;2023-09-10;Pro;50;VERDADERO
TXN01354;CLI0160;2023-10-10;Pro;50;VERDADERO
TXN01355;CLI0160;2023-11-10;Pro;50;VERDADERO
TXN01356;CLI0161;2024-01-18;Pro;50;FALSO
TXN01357;CLI0161;2024-02-18;Pro;50;VERDADERO
TXN01358;CLI0161;2024-03-18;Pro;50;VERDADERO
TXN01359;CLI0161;2024-04-18;Pro;50;VERDADERO
TXN01360;CLI0162;2023-04-01;Pro;50;FALSO
TXN01361;CLI0162;2023-05-01;Pro;50;VERDADERO
TXN01362;CLI0162;2023-06-01;Pro;50;VERDADERO
TXN01363;CLI0162;2023-07-01;Pro;50;VERDADERO
TXN01364;CLI0163;2023-03-14;Pro;50;FALSO
TXN01365;CLI0163;2023-04-14;Pro;50;VERDADERO
TXN01366;CLI0163;2023-05-14;Pro;50;VERDADERO
TXN01367;CLI0163;2023-06-14;Pro;50;VERDADERO
TXN01368;CLI0163;2023-07-14;Pro;50;VERDADERO
TXN01369;CLI0164;2023-05-18;Pro;50;FALSO
TXN01370;CLI0164;2023-06-18;Pro;50;VERDADERO
TXN01371;CLI0164;2023-07-18;Pro;50;VERDADERO
TXN01372;CLI0164;2023-08-18;Pro;50;VERDADERO
TXN01373;CLI0165;2023-09-18;Pro;50;FALSO
TXN01374;CLI0165;2023-10-18;Pro;50;VERDADERO
TXN01375;CLI0165;2023-11-18;Pro;50;VERDADERO
TXN01376;CLI0165;2023-12-18;Pro;50;VERDADERO
TXN01377;CLI0165;2024-01-18;Pro;50;VERDADERO
TXN01378;CLI0166;2023-09-12;Pro;50;FALSO
TXN01379;CLI0166;2023-10-12;Pro;50;VERDADERO
TXN01380;CLI0166;2023-11-12;Pro;50;VERDADERO
TXN01381;CLI0166;2023-12-12;Pro;50;VERDADERO
TXN01382;CLI0167;2023-10-25;Pro;50;FALSO
TXN01383;CLI0167;2023-11-25;Pro;50;VERDADERO
TXN01384;CLI0167;2023-12-25;Pro;50;VERDADERO
TXN01385;CLI0168;2023-09-07;Pro;50;FALSO
TXN01386;CLI0168;2023-10-07;Pro;50;VERDADERO
TXN01387;CLI0168;2023-11-07;Pro;50;VERDADERO
TXN01388;CLI0168;2023-12-07;Pro;50;VERDADERO
TXN01389;CLI0169;2023-12-07;Pro;50;FALSO
TXN01390;CLI0169;2024-01-07;Pro;50;VERDADERO
TXN01391;CLI0169;2024-02-07;Pro;50;VERDADERO
TXN01392;CLI0169;2024-03-07;Pro;50;VERDADERO
TXN01393;CLI0170;2024-02-12;Pro;50;FALSO
TXN01394;CLI0170;2024-03-12;Pro;50;VERDADERO
TXN01395;CLI0170;2024-04-12;Pro;50;VERDADERO
TXN01396;CLI0170;2024-05-12;Pro;50;VERDADERO
TXN01397;CLI0170;2024-06-12;Pro;50;VERDADERO
TXN01398;CLI0171;2023-10-27;Pro;50;FALSO
TXN01399;CLI0171;2023-11-27;Pro;50;VERDADERO
TXN01400;CLI0171;2023-12-27;Pro;50;VERDADERO
TXN01401;CLI0171;2024-01-27;Pro;50;VERDADERO
TXN01402;CLI0171;2024-02-27;Pro;50;VERDADERO
TXN01403;CLI0172;2024-02-29;Pro;50;FALSO
TXN01404;CLI0172;2024-03-29;Pro;50;VERDADERO
TXN01405;CLI0172;2024-04-29;Pro;50;VERDADERO
TXN01406;CLI0173;2023-03-13;Pro;50;FALSO
TXN01407;CLI0173;2023-04-13;Pro;50;VERDADERO
TXN01408;CLI0173;2023-05-13;Pro;50;VERDADERO
TXN01409;CLI0173;2023-06-13;Pro;50;VERDADERO
TXN01410;CLI0174;2023-09-15;Pro;50;FALSO
TXN01411;CLI0174;2023-10-15;Pro;50;VERDADERO
TXN01412;CLI0174;2023-11-15;Pro;50;VERDADERO
TXN01413;CLI0175;2024-01-01;Pro;50;FALSO
TXN01414;CLI0175;2024-02-01;Pro;50;VERDADERO
TXN01415;CLI0175;2024-03-01;Pro;50;VERDADERO
TXN01416;CLI0175;2024-04-01;Pro;50;VERDADERO
TXN01417;CLI0175;2024-05-01;Pro;50;VERDADERO
TXN01418;CLI0175;2024-06-01;Pro;50;VERDADERO
TXN01419;CLI0176;2024-02-15;Pro;50;FALSO
TXN01420;CLI0176;2024-03-15;Pro;50;VERDADERO
TXN01421;CLI0176;2024-04-15;Pro;50;VERDADERO
TXN01422;CLI0176;2024-05-15;Pro;50;VERDADERO
TXN01423;CLI0176;2024-06-15;Pro;50;VERDADERO
TXN01424;CLI0177;2023-03-22;Pro;50;FALSO
TXN01425;CLI0177;2023-04-22;Pro;50;VERDADERO
TXN01426;CLI0177;2023-05-22;Pro;50;VERDADERO
TXN01427;CLI0177;2023-06-22;Pro;50;VERDADERO
TXN01428;CLI0177;2023-07-22;Pro;50;VERDADERO
TXN01429;CLI0178;2023-12-22;Pro;50;FALSO
TXN01430;CLI0178;2024-01-22;Pro;50;VERDADERO
TXN01431;CLI0178;2024-02-22;Pro;50;VERDADERO
TXN01432;CLI0178;2024-03-22;Pro;50;VERDADERO
TXN01433;CLI0178;2024-04-22;Pro;50;VERDADERO
TXN01434;CLI0178;2024-05-22;Pro;50;VERDADERO
TXN01435;CLI0179;2023-06-26;Pro;50;FALSO
TXN01436;CLI0179;2023-07-26;Pro;50;VERDADERO
TXN01437;CLI0179;2023-08-26;Pro;50;VERDADERO
TXN01438;CLI0179;2023-09-26;Pro;50;VERDADERO
TXN01439;CLI0179;2023-10-26;Pro;50;VERDADERO
TXN01440;CLI0180;2024-03-24;Pro;50;FALSO
TXN01441;CLI0180;2024-04-24;Pro;50;VERDADERO
TXN01442;CLI0180;2024-05-24;Pro;50;VERDADERO
TXN01443;CLI0180;2024-06-24;Pro;50;VERDADERO
TXN01444;CLI0181;2023-11-22;Pro;50;FALSO
TXN01445;CLI0181;2023-12-22;Pro;50;VERDADERO
TXN01446;CLI0181;2024-01-22;Pro;50;VERDADERO
TXN01447;CLI0181;2024-02-22;Pro;50;VERDADERO
TXN01448;CLI0181;2024-03-22;Pro;50;VERDADERO
TXN01449;CLI0181;2024-04-22;Pro;50;VERDADERO
TXN01450;CLI0182;2023-06-08;Pro;50;FALSO
TXN01451;CLI0182;2023-07-08;Pro;50;VERDADERO
TXN01452;CLI0182;2023-08-08;Pro;50;VERDADERO
TXN01453;CLI0182;2023-09-08;Pro;50;VERDADERO
TXN01454;CLI0183;2023-06-21;Pro;50;FALSO
TXN01455;CLI0183;2023-07-21;Pro;50;VERDADERO
TXN01456;CLI0183;2023-08-21;Pro;50;VERDADERO
TXN01457;CLI0183;2023-09-21;Pro;50;VERDADERO
TXN01458;CLI0183;2023-10-21;Pro;50;VERDADERO
TXN01459;CLI0184;2023-05-15;Pro;50;FALSO
TXN01460;CLI0184;2023-06-15;Pro;50;VERDADERO
TXN01461;CLI0184;2023-07-15;Pro;50;VERDADERO
TXN01462;CLI0184;2023-08-15;Pro;50;VERDADERO
TXN01463;CLI0185;2024-01-01;Pro;50;FALSO
TXN01464;CLI0185;2024-02-01;Pro;50;VERDADERO
TXN01465;CLI0185;2024-03-01;Pro;50;VERDADERO
TXN01466;CLI0185;2024-04-01;Pro;50;VERDADERO
TXN01467;CLI0185;2024-05-01;Pro;50;VERDADERO
TXN01468;CLI0185;2024-06-01;Pro;50;VERDADERO
TXN01469;CLI0186;2023-08-06;Pro;50;FALSO
TXN01470;CLI0186;2023-09-06;Pro;50;VERDADERO
TXN01471;CLI0186;2023-10-06;Pro;50;VERDADERO
TXN01472;CLI0186;2023-11-06;Pro;50;VERDADERO
TXN01473;CLI0187;2024-02-01;Pro;50;FALSO
TXN01474;CLI0187;2024-03-01;Pro;50;VERDADERO
TXN01475;CLI0187;2024-04-01;Pro;50;VERDADERO
TXN01476;CLI0187;2024-05-01;Pro;50;VERDADERO
TXN01477;CLI0187;2024-06-01;Pro;50;VERDADERO
TXN01478;CLI0188;2023-09-25;Pro;50;FALSO
TXN01479;CLI0188;2023-10-25;Pro;50;VERDADERO
TXN01480;CLI0188;2023-11-25;Pro;50;VERDADERO
TXN01481;CLI0189;2024-03-10;Pro;50;FALSO
TXN01482;CLI0189;2024-04-10;Pro;50;VERDADERO
TXN01483;CLI0189;2024-05-10;Pro;50;VERDADERO
TXN01484;CLI0189;2024-06-10;Pro;50;VERDADERO
TXN01485;CLI0189;2024-07-10;Pro;50;VERDADERO
TXN01486;CLI0190;2024-03-27;Pro;50;FALSO
TXN01487;CLI0190;2024-04-27;Pro;50;VERDADERO
TXN01488;CLI0190;2024-05-27;Pro;50;VERDADERO
TXN01489;CLI0190;2024-06-27;Pro;50;VERDADERO
TXN01490;CLI0190;2024-07-27;Pro;50;VERDADERO
TXN01491;CLI0190;2024-08-27;Pro;50;VERDADERO
TXN01492;CLI0191;2023-11-09;Pro;50;FALSO
TXN01493;CLI0191;2023-12-09;Pro;50;VERDADERO
TXN01494;CLI0191;2024-01-09;Pro;50;VERDADERO
TXN01495;CLI0191;2024-02-09;Pro;50;VERDADERO
TXN01496;CLI0191;2024-03-09;Pro;50;VERDADERO
TXN01497;CLI0192;2024-01-31;Pro;50;FALSO
TXN01498;CLI0192;2024-02-28;Pro;50;VERDADERO
TXN01499;CLI0192;2024-03-31;Pro;50;VERDADERO
TXN01500;CLI0192;2024-04-30;Pro;50;VERDADERO
TXN01501;CLI0192;2024-05-31;Pro;50;VERDADERO
TXN01502;CLI0192;2024-06-30;Pro;50;VERDADERO
TXN01503;CLI0193;2024-01-26;Pro;50;FALSO
TXN01504;CLI0193;2024-02-26;Pro;50;VERDADERO
TXN01505;CLI0193;2024-03-26;Pro;50;VERDADERO
TXN01506;CLI0194;2023-10-15;Pro;50;FALSO
TXN01507;CLI0194;2023-11-15;Pro;50;VERDADERO
TXN01508;CLI0194;2023-12-15;Pro;50;VERDADERO
TXN01509;CLI0195;2023-04-26;Pro;50;FALSO
TXN01510;CLI0195;2023-05-26;Pro;50;VERDADERO
TXN01511;CLI0195;2023-06-26;Pro;50;VERDADERO
TXN01512;CLI0195;2023-07-26;Pro;50;VERDADERO
TXN01513;CLI0196;2023-07-23;Pro;50;FALSO
TXN01514;CLI0196;2023-08-23;Pro;50;VERDADERO
TXN01515;CLI0196;2023-09-23;Pro;50;VERDADERO
TXN01516;CLI0196;2023-10-23;Pro;50;VERDADERO
TXN01517;CLI0197;2023-10-07;Pro;50;FALSO
TXN01518;CLI0197;2023-11-07;Pro;50;VERDADERO
TXN01519;CLI0197;2023-12-07;Pro;50;VERDADERO
TXN01520;CLI0198;2024-01-08;Pro;50;FALSO
TXN01521;CLI0198;2024-02-08;Pro;50;VERDADERO
TXN01522;CLI0198;2024-03-08;Pro;50;VERDADERO
TXN01523;CLI0198;2024-04-08;Pro;50;VERDADERO
TXN01524;CLI0198;2024-05-08;Pro;50;VERDADERO
TXN01525;CLI0199;2024-03-22;Pro;50;FALSO
TXN01526;CLI0199;2024-04-22;Pro;50;VERDADERO
TXN01527;CLI0199;2024-05-22;Pro;50;VERDADERO
TXN01528;CLI0199;2024-06-22;Pro;50;VERDADERO
TXN01529;CLI0199;2024-07-22;Pro;50;VERDADERO
TXN01530;CLI0200;2023-04-29;Pro;50;FALSO
TXN01531;CLI0200;2023-05-29;Pro;50;VERDADERO
TXN01532;CLI0200;2023-06-29;Pro;50;VERDADERO
TXN01533;CLI0200;2023-07-29;Pro;50;VERDADERO
TXN01534;CLI0201;2024-10-13;Basic;30;FALSO
TXN01535;CLI0202;2024-04-12;Basic;30;FALSO
TXN01536;CLI0203;2024-03-14;Basic;30;FALSO
TXN01537;CLI0203;2024-04-14;Basic;30;VERDADERO
TXN01538;CLI0204;2024-08-08;Pro;50;FALSO
TXN01539;CLI0204;2024-09-08;Pro;50;VERDADERO
TXN01540;CLI0205;2024-07-16;Basic;30;FALSO
TXN01541;CLI0205;2024-08-16;Basic;30;VERDADERO
TXN01542;CLI0206;2024-05-04;Pro;50;FALSO
TXN01543;CLI0207;2024-07-11;Basic;30;FALSO
TXN01544;CLI0207;2024-08-11;Basic;30;VERDADERO
TXN01545;CLI0208;2024-09-25;Pro;50;FALSO
TXN01546;CLI0208;2024-10-25;Pro;50;VERDADERO
TXN01547;CLI0209;2024-08-22;Pro;50;FALSO
TXN01548;CLI0210;2024-11-14;Pro;50;FALSO
TXN01549;CLI0211;2024-10-25;Basic;30;FALSO
TXN01550;CLI0211;2024-11-25;Basic;30;VERDADERO
TXN01551;CLI0212;2024-11-25;Basic;30;FALSO
TXN01552;CLI0213;2024-05-08;Pro;50;FALSO
TXN01553;CLI0214;2024-11-12;Basic;30;FALSO
TXN01554;CLI0215;2024-11-24;Pro;50;FALSO
TXN01555;CLI0215;2024-12-24;Pro;50;VERDADERO
TXN01556;CLI0216;2024-03-30;Basic;30;FALSO
TXN01557;CLI0217;2024-08-23;Basic;30;FALSO
TXN01558;CLI0217;2024-09-23;Basic;30;VERDADERO
TXN01559;CLI0218;2024-03-22;Basic;30;FALSO
TXN01560;CLI0218;2024-04-22;Basic;30;VERDADERO
TXN01561;CLI0219;2024-03-14;Basic;30;FALSO
TXN01562;CLI0220;2024-06-02;Pro;50;FALSO
TXN01563;CLI0220;2024-07-02;Pro;50;VERDADERO
TXN01564;CLI0221;2024-09-25;Pro;50;FALSO
TXN01565;CLI0221;2024-10-25;Pro;50;VERDADERO
TXN01566;CLI0222;2024-09-23;Basic;30;FALSO
TXN01567;CLI0222;2024-10-23;Basic;30;VERDADERO
TXN01568;CLI0223;2024-06-08;Basic;30;FALSO
TXN01569;CLI0224;2024-03-12;Basic;30;FALSO
TXN01570;CLI0224;2024-04-12;Basic;30;VERDADERO
TXN01571;CLI0225;2024-03-02;Basic;30;FALSO
TXN01572;CLI0226;2024-05-15;Pro;50;FALSO
TXN01573;CLI0226;2024-06-15;Pro;50;VERDADERO
TXN01574;CLI0227;2024-07-02;Basic;30;FALSO
TXN01575;CLI0227;2024-08-02;Basic;30;VERDADERO
TXN01576;CLI0228;2024-03-25;Pro;50;FALSO
TXN01577;CLI0229;2024-09-25;Basic;30;FALSO
TXN01578;CLI0230;2024-07-17;Basic;30;FALSO
TXN01579;CLI0230;2024-08-17;Basic;30;VERDADERO
TXN01580;CLI0231;2024-04-04;Pro;50;FALSO
TXN01581;CLI0231;2024-05-04;Pro;50;VERDADERO
TXN01582;CLI0232;2024-05-24;Pro;50;FALSO
TXN01583;CLI0233;2024-08-24;Pro;50;FALSO
TXN01584;CLI0233;2024-09-24;Pro;50;VERDADERO
TXN01585;CLI0234;2024-10-18;Pro;50;FALSO
TXN01586;CLI0235;2024-03-08;Basic;30;FALSO
TXN01587;CLI0235;2024-04-08;Basic;30;VERDADERO
TXN01588;CLI0236;2024-08-11;Pro;50;FALSO
TXN01589;CLI0236;2024-09-11;Pro;50;VERDADERO
TXN01590;CLI0237;2024-04-13;Pro;50;FALSO
TXN01591;CLI0238;2024-07-14;Pro;50;FALSO
TXN01592;CLI0239;2024-11-29;Pro;50;FALSO
TXN01593;CLI0239;2024-12-29;Pro;50;VERDADERO
TXN01594;CLI0240;2024-07-07;Pro;50;FALSO
TXN01595;CLI0241;2024-11-15;Basic;30;FALSO
TXN01596;CLI0242;2024-06-04;Basic;30;FALSO
TXN01597;CLI0242;2024-07-04;Basic;30;VERDADERO
TXN01598;CLI0243;2024-11-28;Basic;30;FALSO
TXN01599;CLI0243;2024-12-28;Basic;30;VERDADERO
TXN01600;CLI0244;2024-03-20;Pro;50;FALSO
TXN01601;CLI0244;2024-04-20;Pro;50;VERDADERO
TXN01602;CLI0245;2024-09-17;Pro;50;FALSO
TXN01603;CLI0246;2024-08-20;Basic;30;FALSO
TXN01604;CLI0247;2024-09-06;Basic;30;FALSO
TXN01605;CLI0248;2024-03-09;Basic;30;FALSO
TXN01606;CLI0248;2024-04-09;Basic;30;VERDADERO
TXN01607;CLI0249;2024-03-20;Pro;50;FALSO
TXN01608;CLI0249;2024-04-20;Pro;50;VERDADERO
TXN01609;CLI0250;2024-07-15;Pro;50;FALSO
TXN01610;CLI0251;2024-11-24;Pro;50;FALSO
TXN01611;CLI0252;2024-05-10;Basic;30;FALSO
TXN01612;CLI0252;2024-06-10;Basic;30;VERDADERO
TXN01613;CLI0253;2024-08-10;Basic;30;FALSO
TXN01614;CLI0253;2024-09-10;Basic;30;VERDADERO
TXN01615;CLI0254;2024-04-29;Basic;30;FALSO
TXN01616;CLI0255;2024-06-02;Pro;50;FALSO
TXN01617;CLI0255;2024-07-02;Pro;50;VERDADERO
TXN01618;CLI0256;2024-09-05;Basic;30;FALSO
TXN01619;CLI0257;2024-05-13;Basic;30;FALSO
TXN01620;CLI0257;2024-06-13;Basic;30;VERDADERO
TXN01621;CLI0258;2024-08-27;Pro;50;FALSO
TXN01622;CLI0258;2024-09-27;Pro;50;VERDADERO
TXN01623;CLI0259;2024-05-01;Pro;50;FALSO
TXN01624;CLI0259;2024-06-01;Pro;50;VERDADERO
TXN01625;CLI0260;2024-06-30;Pro;50;FALSO
TXN01626;CLI0260;2024-07-30;Pro;50;VERDADERO
TXN01627;CLI0261;2024-07-08;Basic;30;FALSO
TXN01628;CLI0261;2024-08-08;Basic;30;VERDADERO
TXN01629;CLI0262;2024-06-18;Basic;30;FALSO
TXN01630;CLI0262;2024-07-18;Basic;30;VERDADERO
TXN01631;CLI0263;2024-11-21;Basic;30;FALSO
TXN01632;CLI0263;2024-12-21;Basic;30;VERDADERO
TXN01633;CLI0264;2024-09-15;Basic;30;FALSO
TXN01634;CLI0264;2024-10-15;Basic;30;VERDADERO
TXN01635;CLI0265;2024-06-09;Basic;30;FALSO
TXN01636;CLI0265;2024-07-09;Basic;30;VERDADERO
TXN01637;CLI0266;2023-01-28;Basic;30;FALSO
TXN01638;CLI0267;2023-08-17;Pro;50;FALSO
TXN01639;CLI0267;2023-09-17;Pro;50;VERDADERO
TXN01640;CLI0268;2023-09-24;Basic;30;FALSO
TXN01641;CLI0268;2023-10-24;Basic;30;VERDADERO
TXN01642;CLI0269;2023-01-09;Basic;30;FALSO
TXN01643;CLI0269;2023-02-09;Basic;30;VERDADERO
TXN01644;CLI0270;2023-08-06;Basic;30;FALSO
TXN01645;CLI0270;2023-09-06;Basic;30;VERDADERO
TXN01646;CLI0271;2023-10-13;Pro;50;FALSO
TXN01647;CLI0272;2023-05-25;Basic;30;FALSO
TXN01648;CLI0273;2023-01-31;Basic;30;FALSO
TXN01649;CLI0273;2023-02-28;Basic;30;VERDADERO
TXN01650;CLI0274;2023-09-03;Pro;50;FALSO
TXN01651;CLI0274;2023-10-03;Pro;50;VERDADERO
TXN01652;CLI0275;2023-02-16;Basic;30;FALSO
TXN01653;CLI0276;2023-02-25;Basic;30;FALSO
TXN01654;CLI0276;2023-03-25;Basic;30;VERDADERO
TXN01655;CLI0277;2023-09-09;Basic;30;FALSO
TXN01656;CLI0278;2023-08-17;Basic;30;FALSO
TXN01657;CLI0278;2023-09-17;Basic;30;VERDADERO
TXN01658;CLI0279;2023-03-18;Basic;30;FALSO
TXN01659;CLI0280;2023-02-21;Pro;50;FALSO
TXN01660;CLI0281;2023-01-20;Basic;30;FALSO
TXN01661;CLI0282;2023-06-12;Pro;50;FALSO
TXN01662;CLI0283;2023-04-12;Basic;30;FALSO
TXN01663;CLI0284;2023-09-06;Pro;50;FALSO
TXN01664;CLI0284;2023-10-06;Pro;50;VERDADERO
TXN01665;CLI0285;2023-03-26;Basic;30;FALSO
TXN01666;CLI0286;2023-07-30;Pro;50;FALSO
TXN01667;CLI0287;2023-02-12;Basic;30;FALSO
TXN01668;CLI0287;2023-03-12;Basic;30;VERDADERO
TXN01669;CLI0288;2023-08-13;Basic;30;FALSO
TXN01670;CLI0289;2023-04-03;Basic;30;FALSO
TXN01671;CLI0290;2023-03-26;Basic;30;FALSO
TXN01672;CLI0291;2023-04-28;Pro;50;FALSO
TXN01673;CLI0292;2023-05-26;Basic;30;FALSO
TXN01674;CLI0293;2023-11-24;Basic;30;FALSO
TXN01675;CLI0293;2023-12-24;Basic;30;VERDADERO
TXN01676;CLI0294;2023-03-20;Pro;50;FALSO
TXN01677;CLI0295;2023-05-17;Basic;30;FALSO
TXN01678;CLI0296;2023-11-05;Basic;30;FALSO
TXN01679;CLI0297;2023-02-25;Basic;30;FALSO
TXN01680;CLI0297;2023-03-25;Basic;30;VERDADERO
TXN01681;CLI0298;2023-05-15;Pro;50;FALSO
TXN01682;CLI0298;2023-06-15;Pro;50;VERDADERO
TXN01683;CLI0299;2023-10-07;Basic;30;FALSO
TXN01684;CLI0300;2023-09-22;Pro;50;FALSO
TXN01685;CLI0301;2023-12-24;Basic;30;FALSO
TXN01686;CLI0301;2024-01-24;Basic;30;VERDADERO
TXN01687;CLI0302;2023-01-30;Basic;30;FALSO
TXN01688;CLI0302;2023-02-28;Basic;30;VERDADERO
TXN01689;CLI0303;2023-07-30;Basic;30;FALSO
TXN01690;CLI0304;2023-01-13;Basic;30;FALSO
TXN01691;CLI0304;2023-02-13;Basic;30;VERDADERO
TXN01692;CLI0305;2023-05-15;Basic;30;FALSO
TXN01693;CLI0305;2023-06-15;Basic;30;VERDADERO
TXN01694;CLI0306;2023-05-05;Basic;30;FALSO
TXN01695;CLI0306;2023-06-05;Basic;30;VERDADERO
TXN01696;CLI0307;2023-03-02;Pro;50;FALSO
TXN01697;CLI0307;2023-04-02;Pro;50;VERDADERO
TXN01698;CLI0308;2023-09-15;Pro;50;FALSO
TXN01699;CLI0308;2023-10-15;Pro;50;VERDADERO
TXN01700;CLI0309;2023-05-20;Basic;30;FALSO
TXN01701;CLI0309;2023-06-20;Basic;30;VERDADERO
TXN01702;CLI0310;2023-09-30;Basic;30;FALSO
TXN01703;CLI0311;2023-05-10;Basic;30;FALSO
TXN01704;CLI0311;2023-06-10;Basic;30;VERDADERO
TXN01705;CLI0312;2023-05-27;Basic;30;FALSO
TXN01706;CLI0312;2023-06-27;Basic;30;VERDADERO
TXN01707;CLI0313;2023-12-17;Pro;50;FALSO
TXN01708;CLI0313;2024-01-17;Pro;50;VERDADERO
TXN01709;CLI0314;2023-05-17;Pro;50;FALSO
TXN01710;CLI0315;2023-09-16;Basic;30;FALSO
TXN01711;CLI0315;2023-10-16;Basic;30;VERDADERO
TXN01712;CLI0316;2023-08-19;Basic;30;FALSO
TXN01713;CLI0317;2023-11-15;Basic;30;FALSO
TXN01714;CLI0318;2023-12-15;Basic;30;FALSO
TXN01715;CLI0319;2023-10-13;Basic;30;FALSO
TXN01716;CLI0320;2023-03-22;Basic;30;FALSO
TXN01717;CLI0321;2023-04-05;Basic;30;FALSO
TXN01718;CLI0322;2023-09-18;Basic;30;FALSO
TXN01719;CLI0322;2023-10-18;Basic;30;VERDADERO
TXN01720;CLI0323;2023-10-29;Pro;50;FALSO
TXN01721;CLI0323;2023-11-29;Pro;50;VERDADERO
TXN01722;CLI0324;2023-04-04;Basic;30;FALSO
TXN01723;CLI0324;2023-05-04;Basic;30;VERDADERO
TXN01724;CLI0325;2023-01-07;Basic;30;FALSO
TXN01725;CLI0325;2023-02-07;Basic;30;VERDADERO
TXN01726;CLI0326;2023-08-09;Pro;50;FALSO
TXN01727;CLI0327;2023-10-04;Basic;30;FALSO
TXN01728;CLI0328;2023-08-21;Basic;30;FALSO
TXN01729;CLI0328;2023-09-21;Basic;30;VERDADERO
TXN01730;CLI0329;2023-10-20;Pro;50;FALSO
TXN01731;CLI0330;2023-12-10;Basic;30;FALSO
TXN01732;CLI0330;2024-01-10;Basic;30;VERDADERO
TXN01733;CLI0331;2023-06-21;Pro;50;FALSO
TXN01734;CLI0332;2023-07-10;Basic;30;FALSO
TXN01735;CLI0332;2023-08-10;Basic;30;VERDADERO
TXN01736;CLI0333;2023-07-29;Pro;50;FALSO
TXN01737;CLI0334;2023-01-03;Basic;30;FALSO
TXN01738;CLI0335;2023-10-05;Basic;30;FALSO
TXN01739;CLI0335;2023-11-05;Basic;30;VERDADERO
TXN01740;CLI0336;2023-08-07;Basic;30;FALSO
TXN01741;CLI0336;2023-09-07;Basic;30;VERDADERO
TXN01742;CLI0337;2023-09-16;Pro;50;FALSO
TXN01743;CLI0337;2023-10-16;Pro;50;VERDADERO
TXN01744;CLI0338;2023-08-31;Pro;50;FALSO
TXN01745;CLI0339;2023-04-24;Pro;50;FALSO
TXN01746;CLI0339;2023-05-24;Pro;50;VERDADERO
TXN01747;CLI0340;2023-10-29;Basic;30;FALSO
TXN01748;CLI0340;2023-11-29;Basic;30;VERDADERO
TXN01749;CLI0341;2023-01-28;Basic;30;FALSO
TXN01750;CLI0341;2023-02-28;Basic;30;VERDADERO
TXN01751;CLI0342;2023-10-04;Basic;30;FALSO
TXN01752;CLI0342;2023-11-04;Basic;30;VERDADERO
TXN01753;CLI0343;2023-06-01;Basic;30;FALSO
TXN01754;CLI0343;2023-07-01;Basic;30;VERDADERO
TXN01755;CLI0344;2023-04-04;Pro;50;FALSO
TXN01756;CLI0344;2023-05-04;Pro;50;VERDADERO
TXN01757;CLI0345;2023-05-25;Basic;30;FALSO
TXN01758;CLI0346;2023-04-29;Basic;30;FALSO
TXN01759;CLI0347;2023-06-28;Pro;50;FALSO
TXN01760;CLI0348;2023-04-24;Pro;50;FALSO
TXN01761;CLI0349;2023-02-06;Basic;30;FALSO
TXN01762;CLI0349;2023-03-06;Basic;30;VERDADERO
TXN01763;CLI0350;2023-12-22;Basic;30;FALSO
TXN01764;CLI0351;2023-09-09;Basic;30;FALSO
TXN01765;CLI0352;2023-07-14;Pro;50;FALSO
TXN01766;CLI0352;2023-08-14;Pro;50;VERDADERO
TXN01767;CLI0353;2023-01-08;Pro;50;FALSO
TXN01768;CLI0354;2023-05-05;Basic;30;FALSO
TXN01769;CLI0355;2023-08-22;Basic;30;FALSO
TXN01770;CLI0355;2023-09-22;Basic;30;VERDADERO
TXN01771;CLI0356;2023-07-01;Pro;50;FALSO
TXN01772;CLI0356;2023-08-01;Pro;50;VERDADERO
TXN01773;CLI0357;2023-02-04;Basic;30;FALSO
TXN01774;CLI0358;2023-02-27;Pro;50;FALSO
TXN01775;CLI0358;2023-03-27;Pro;50;VERDADERO
TXN01776;CLI0359;2023-09-03;Basic;30;FALSO
TXN01777;CLI0360;2023-01-28;Basic;30;FALSO
TXN01778;CLI0361;2023-10-02;Basic;30;FALSO
TXN01779;CLI0362;2023-12-02;Pro;50;FALSO
TXN01780;CLI0363;2023-03-07;Pro;50;FALSO
TXN01781;CLI0364;2023-03-07;Pro;50;FALSO
TXN01782;CLI0364;2023-04-07;Pro;50;VERDADERO
TXN01783;CLI0365;2023-08-24;Basic;30;FALSO
TXN01784;CLI0366;2023-08-01;Basic;30;FALSO
TXN01785;CLI0367;2023-10-05;Pro;50;FALSO
TXN01786;CLI0367;2023-11-05;Pro;50;VERDADERO
TXN01787;CLI0368;2023-07-16;Basic;30;FALSO
TXN01788;CLI0369;2023-05-11;Pro;50;FALSO
TXN01789;CLI0369;2023-06-11;Pro;50;VERDADERO
TXN01790;CLI0370;2023-03-10;Basic;30;FALSO
TXN01791;CLI0371;2023-05-17;Pro;50;FALSO
TXN01792;CLI0372;2023-12-31;Basic;30;FALSO
TXN01793;CLI0372;2024-01-31;Basic;30;VERDADERO
TXN01794;CLI0373;2023-01-18;Pro;50;FALSO
TXN01795;CLI0374;2023-07-19;Basic;30;FALSO
TXN01796;CLI0374;2023-08-19;Basic;30;VERDADERO
TXN01797;CLI0375;2023-02-02;Basic;30;FALSO
TXN01798;CLI0376;2024-09-25;Basic;30;FALSO
TXN01799;CLI0376;2024-10-25;Pro;50;VERDADERO
TXN01800;CLI0376;2024-11-25;Pro;50;VERDADERO
TXN01801;CLI0377;2023-11-05;Basic;30;FALSO
TXN01802;CLI0377;2023-12-05;Pro;50;VERDADERO
TXN01803;CLI0377;2024-01-05;Pro;50;VERDADERO
TXN01804;CLI0378;2023-10-01;Basic;30;FALSO
TXN01805;CLI0378;2023-11-01;Pro;50;VERDADERO
TXN01806;CLI0378;2023-12-01;Pro;50;VERDADERO
TXN01807;CLI0379;2024-06-15;Basic;30;FALSO
TXN01808;CLI0379;2024-07-15;Pro;50;VERDADERO
TXN01809;CLI0380;2023-06-18;Basic;30;FALSO
TXN01810;CLI0380;2023-07-18;Pro;50;VERDADERO
TXN01811;CLI0381;2023-06-04;Basic;30;FALSO
TXN01812;CLI0381;2023-07-04;Pro;50;VERDADERO
TXN01813;CLI0381;2023-08-04;Pro;50;VERDADERO
TXN01814;CLI0382;2023-01-15;Basic;30;FALSO
TXN01815;CLI0382;2023-02-15;Pro;50;VERDADERO
TXN01816;CLI0383;2023-06-06;Basic;30;FALSO
TXN01817;CLI0383;2023-07-06;Pro;50;VERDADERO
TXN01818;CLI0384;2023-09-06;Basic;30;FALSO
TXN01819;CLI0384;2023-10-06;Pro;50;VERDADERO
TXN01820;CLI0384;2023-11-06;Pro;50;VERDADERO
TXN01821;CLI0385;2024-01-31;Basic;30;FALSO
TXN01822;CLI0385;2024-02-28;Pro;50;VERDADERO
TXN01823;CLI0385;2024-03-31;Pro;50;VERDADERO
TXN01824;CLI0386;2023-06-12;Basic;30;FALSO
TXN01825;CLI0386;2023-07-12;Pro;50;VERDADERO
TXN01826;CLI0387;2024-05-17;Basic;30;FALSO
TXN01827;CLI0387;2024-06-17;Pro;50;VERDADERO
TXN01828;CLI0388;2024-06-08;Basic;30;FALSO
TXN01829;CLI0388;2024-07-08;Pro;50;VERDADERO
TXN01830;CLI0388;2024-08-08;Pro;50;VERDADERO
TXN01831;CLI0389;2023-11-13;Basic;30;FALSO
TXN01832;CLI0389;2023-12-13;Pro;50;VERDADERO
TXN01833;CLI0390;2024-04-20;Basic;30;FALSO
TXN01834;CLI0390;2024-05-20;Pro;50;VERDADERO
TXN01835;CLI0391;2023-11-03;Basic;30;FALSO
TXN01836;CLI0391;2023-12-03;Pro;50;VERDADERO
TXN01837;CLI0392;2023-09-22;Basic;30;FALSO
TXN01838;CLI0392;2023-10-22;Pro;50;VERDADERO
TXN01839;CLI0392;2023-11-22;Pro;50;VERDADERO
TXN01840;CLI0393;2023-07-17;Basic;30;FALSO
TXN01841;CLI0393;2023-08-17;Pro;50;VERDADERO
TXN01842;CLI0393;2023-09-17;Pro;50;VERDADERO
TXN01843;CLI0394;2024-04-27;Basic;30;FALSO
TXN01844;CLI0394;2024-05-27;Pro;50;VERDADERO
TXN01845;CLI0394;2024-06-27;Pro;50;VERDADERO
TXN01846;CLI0395;2023-04-21;Basic;30;FALSO
TXN01847;CLI0395;2023-05-21;Pro;50;VERDADERO
TXN01848;CLI0396;2023-02-08;Basic;30;FALSO
TXN01849;CLI0396;2023-03-08;Pro;50;VERDADERO
TXN01850;CLI0396;2023-04-08;Pro;50;VERDADERO
TXN01851;CLI0397;2023-07-22;Basic;30;FALSO
TXN01852;CLI0397;2023-08-22;Pro;50;VERDADERO
TXN01853;CLI0397;2023-09-22;Pro;50;VERDADERO
TXN01854;CLI0398;2024-04-14;Basic;30;FALSO
TXN01855;CLI0398;2024-05-14;Pro;50;VERDADERO
TXN01856;CLI0399;2023-02-21;Basic;30;FALSO
TXN01857;CLI0399;2023-03-21;Pro;50;VERDADERO
TXN01858;CLI0400;2024-04-07;Basic;30;FALSO
TXN01859;CLI0400;2024-05-07;Pro;50;VERDADERO
